Date_Time,Open,High,Low,Close,Volume,rsi,macd_decision,obv,Close_ema_50_Close_ema_50_derivative_distance,Close_ema_50_derivative,Close_ema_50_crossover_count,Close_ema_50_classification,Close_increase_decrease,Sentiment score,Score,Frequency
2018-01-02,169.99,172.24,169.25,172.09,41108,50.86177762757685,0.4974108358088827,1634431,0.01579313327576189,0.10920752831492564,1.0,1,0,0.0,0.14366437785447594,821.0
2018-01-03,172.5,174.54,171.83,171.85,43686,47.25274725274729,0.4243153827893742,1590745,0.013804921909958898,0.09551311543984298,2.0,1,1,0.13312208018341842,0.15156986164756084,802.0
2018-01-04,172.75,173.46,172.07,173.16,41074,49.071618037135345,0.2794616486338447,1631819,0.020671192702654335,0.14314005208925096,3.0,1,1,0.14169222573261012,0.16664562695486854,748.0
2018-01-05,173.54,175.21,173.03,174.95,43982,51.1786600496279,0.06595525789602152,1675801,0.029961054788055615,0.2077227951446048,4.0,1,0,0.12729681249746744,0.132278623603848,882.0
2018-01-08,174.53,175.57,173.91,174.17,40778,66.88256829062257,-0.01552785952225122,1635023,0.024349969229174897,0.16898856788401417,5.0,1,0,0.12490441545161406,0.14867059871831062,803.0
2018-01-09,174.6,175.04,173.37,174.02,47565,65.66037735849076,-0.05015960435246136,1587458,0.02252673462984492,0.1564792122806864,6.0,1,1,0.11584067673929585,0.13679534579300964,856.0
2018-01-10,173.15,174.28,172.97,174.08,49174,63.47197106690792,-0.06689774873329035,1636632,0.021962357270739905,0.152695713759897,7.0,1,1,0.10562929292677108,0.14615059296841193,802.0
2018-01-11,174.63,175.47,174.37,175.24,41227,64.14967510643075,-0.14159004652022467,1677859,0.027612826545980195,0.19219784263205497,8.0,1,1,0.12243742762346815,0.14524595799863813,723.0
2018-01-12,176.31,177.33,175.58,176.98,48792,67.0378619153675,-0.28538292388790554,1726651,0.03627944893433192,0.25289596645041,9.0,1,0,0.12985289520613208,0.14229014691536568,823.0
2018-01-16,178.27,179.38,176.12,176.19,64553,57.515923566878975,-0.30283971072881033,1662098,0.030374696880771497,0.2119980854131427,10.0,1,1,0.10215626170334492,0.14596629688753834,826.0
2018-01-17,175.3,179.24,175.05,179.13,58689,55.62267657992565,-0.47754602303306704,1720787,0.04561756634588523,0.31897855265185626,11.0,1,0,0.13774378430577208,0.11942176030941393,1262.0
2018-01-18,179.08,180.09,178.22,178.85,54887,58.426293736736156,-0.535073596411743,1665900,0.04218555813299197,0.2954891976458782,12.0,1,0,0.12012009182294227,0.13083308843575925,1163.0
2018-01-19,178.81,179.55,177.39,178.45,49192,55.32844437509754,-0.5072624552863383,1616708,0.03823201532665863,0.2682151114636895,13.0,1,0,0.1154410123527262,0.1264606152272797,752.0
2018-01-22,177.38,177.77,176.6,177.09,44262,53.953441192879225,-0.3649994561597629,1572446,0.029095866398945045,0.2043635384651168,14.0,1,0,0.10405448305725473,0.1302184933838293,744.0
2018-01-23,177.59,179.43,176.49,176.65,54763,52.70555165144058,-0.21633825435154486,1517683,0.025471708975716535,0.17909438009394307,15.0,1,0,0.10847286328535606,0.13533833575258336,1055.0
2018-01-24,177.59,177.9,173.18,174.18,65992,52.70555165144058,0.058583087286203206,1451691,0.010691840708690562,0.07520832597262483,16.0,0,0,0.11277492179240407,0.11545626708154635,1120.0
2018-01-25,174.9,175.04,170.51,171.3,64700,42.98490776970368,0.4242617269483231,1386991,-0.005784868410868429,-0.04068219661456851,1.0,0,1,0.1111533839649534,0.13764964084194986,1222.0
2018-01-26,172.08,172.3,170.03,171.4,59291,33.63057324840756,0.6365121877329385,1446282,-0.005001398028082134,-0.03516524772771845,2.0,0,0,0.11504112181126205,0.18602432724476706,1208.0
2018-01-29,170.29,170.31,167.04,167.9,56798,33.63057324840756,0.9697631682279324,1389484,-0.024350601965689278,-0.1710411203658282,3.0,0,0,0.11235229290746493,0.10716722111511126,1601.0
2018-01-30,166.01,167.36,164.69,167.05,64970,30.762060125844712,1.1900582676989453,1324514,-0.0281736020905244,-0.197666958782861,4.0,0,0,0.09994686806245057,0.10724048339793177,1473.0
2018-01-31,166.55,168.43,166.33,166.56,56353,33.697782362042176,1.3023198336380466,1268161,-0.029843888542302237,-0.20913099961489934,5.0,0,1,0.09590047955972768,0.15466769459969568,1347.0
2018-02-01,167.13,169.61,162.62,169.38,65705,38.167938931297606,1.1267784193571928,1333866,-0.012898913101729297,-0.09034154864960442,6.0,0,0,0.10878041261015993,0.10393059711497388,2429.0
2018-02-02,167.29,167.4,160.07,160.4,76020,36.68614357262097,1.5305301208566437,1257846,-0.06283456084799065,-0.43895560556532587,7.0,0,0,0.10376071259604687,0.09596913197957163,2154.0
2018-02-05,158.7,163.85,155.64,156.0,74545,35.92612460724955,1.9804329051691902,1183301,-0.08536650604540241,-0.5942906798568686,8.0,0,1,0.10979221564382373,0.11453691004614742,1387.0
2018-02-06,154.49,163.7,153.97,162.8,76674,47.577092511013205,1.7164060047620597,1259975,-0.0437917710983797,-0.3043184963330816,9.0,0,0,0.1015343111333657,0.12294666722657607,1274.0
2018-02-07,162.54,163.03,158.73,158.86,74000,47.577092511013205,1.7002322084157608,1185975,-0.0644778238569039,-0.4468942415749382,10.0,0,0,0.11015299453457214,0.12684833139635202,1173.0
2018-02-08,160.47,160.99,155.02,156.03,75003,50.613702298594035,1.7655430131504248,1110972,-0.07821038699971385,-0.540349369356278,11.0,0,1,0.1202020026643658,0.14239940613991514,992.0
2018-02-09,156.27,157.87,150.22,156.08,71416,43.71923544077223,1.6906841854639456,1182388,-0.07508894180330164,-0.5171984136952688,12.0,0,1,0.11225804828245683,0.13130901756205499,859.0
2018-02-12,158.86,163.88,156.98,162.83,73980,50.75491573033709,1.1004622123313155,1256368,-0.033759669834036644,-0.2322102406091915,13.0,0,1,0.11550226035882585,0.1384487376878325,863.0
2018-02-13,162.01,164.74,161.38,164.19,69789,48.17551963048498,0.5596300469982278,1326157,-0.024706834470576963,-0.16977062333037907,14.0,0,1,0.12559359634768952,0.1386527864661619,1014.0
2018-02-14,164.47,167.86,161.79,167.84,70179,57.82452999104744,-0.06931218807728401,1396336,-0.002907421765709045,-0.01997569692525758,15.0,1,1,0.13917389057998542,0.14570710198114362,950.0
2018-02-15,169.04,173.16,168.84,173.09,73189,67.77766487145615,-0.8224602022623748,1469525,0.027142246678234644,0.18669001667964835,1.0,1,0,0.1222448253004084,0.13950534993323327,1061.0
2018-02-16,172.44,174.81,171.75,172.45,69760,70.25983146067415,-1.2362161360523358,1399765,0.022408409441307273,0.15427080033924767,2.0,1,0,0.1298267895720085,0.1475102300821426,840.0
2018-02-20,171.73,174.25,171.39,171.72,65008,76.8521719092061,-1.4069967428408416,1334757,0.01735909596314727,0.11959351405144503,3.0,1,0,0.12789448794460634,0.1251077352361986,776.0
2018-02-21,173.06,174.11,170.5,170.8,63309,75.36297384328573,-1.4012003339612387,1271448,0.011436192687779895,0.07882514095138049,4.0,1,1,0.12256501646044887,0.1478821649029984,747.0
2018-02-22,171.6,173.94,171.53,172.88,63028,74.83699728809651,-1.4732921023159153,1334476,0.02280070161755821,0.15730258640428474,5.0,1,1,0.11374598985877968,0.15797383325042286,818.0
2018-02-23,173.5,175.64,173.22,175.54,55876,74.15473968056423,-1.6240798158898704,1390352,0.03697075297001438,0.2554475830158651,6.0,1,1,0.11389207095278515,0.14317710156367267,686.0
2018-02-26,176.26,179.37,176.21,178.97,58679,77.21793635486979,-1.8617260769446595,1449031,0.054865289844416,0.3799398346623377,7.0,1,0,0.0997256718002478,0.1288196675171314,1035.0
2018-02-27,178.49,180.46,178.12,178.35,71592,73.42535234690057,-1.8786509943550158,1377439,0.04910406697080911,0.34072650781280345,8.0,1,1,0.11721848064737925,0.12407835252212683,1041.0
2018-02-28,179.01,180.61,178.02,178.44,67677,71.13786875376276,-1.797373533196744,1445116,0.047594422928345745,0.33089409574171214,9.0,1,0,0.1078640595030204,0.13588150521636574,836.0
2018-03-01,177.8,179.76,172.65,175.12,70450,69.6657036731325,-1.4370906109947073,1374666,0.02697139072887646,0.18772177826164693,10.0,1,1,0.10197596829529547,0.13588150521636574,836.0
2018-03-02,172.28,176.29,172.24,176.19,73554,68.85194479297363,-1.1977032211291476,1448220,0.0319009169417797,0.22232092421216976,11.0,1,1,0.0882428957889538,0.13588150521636574,836.0
2018-03-05,175.5,177.73,174.49,176.61,61847,58.67346938775505,-1.002428601949181,1510067,0.03296884690370803,0.23007304483132884,12.0,1,0,0.0882428957889538,0.13588150521636574,836.0
2018-03-06,177.93,178.24,176.12,176.54,64099,59.70547433571659,-0.8114842382170229,1445968,0.031242693871539405,0.21830547444577064,13.0,1,0,0.0882428957889538,0.13588150521636574,836.0
2018-03-07,175.47,175.82,174.23,174.85,60650,57.66273705791902,-0.5280294616661447,1385318,0.02051544896688106,0.14346996564395909,14.0,1,1,0.0882428957889538,0.13588150521636574,836.0
2018-03-08,175.29,177.1,175.05,176.85,61223,53.119349005424944,-0.43573381189322147,1446541,0.030887205755525143,0.2162750650304872,15.0,1,1,0.0882428957889538,0.13588150521636574,836.0
2018-03-09,176.56,179.97,176.53,179.97,60230,52.104920658757614,-0.5385739478680813,1506771,0.04705914722252466,0.33014663110770925,16.0,1,1,0.0882428957889538,0.13588150521636574,836.0
2018-03-12,180.38,182.38,180.08,181.79,51257,54.53134572187057,-0.67413988214575,1558028,0.055262212373021535,0.3885722534172089,17.0,1,0,0.0882428957889538,0.13588150521636574,836.0
2018-03-13,181.74,183.48,179.21,179.66,70168,53.45076060848681,-0.5694948492729148,1487860,0.04114640914166347,0.2898047140675146,18.0,1,0,0.0882428957889538,0.13588150521636574,836.0
2018-03-14,180.5,180.8,177.79,178.05,68686,51.40143074938435,-0.3516630926175943,1419174,0.030530518117953046,0.2153025684177976,19.0,1,1,0.0882428957889538,0.13588150521636574,836.0
2018-03-15,178.03,180.19,178.02,178.82,55118,45.11918274687854,-0.22539171948423764,1474292,0.033569074598029054,0.23705540887200982,20.0,1,0,0.0882428957889538,0.13588150521636574,836.0
2018-03-16,178.52,179.1,177.61,177.89,54985,38.26544622425629,-0.054124233145491196,1419307,0.02705817638755259,0.19128853009272007,21.0,1,0,0.0882428957889538,0.13588150521636574,836.0
2018-03-19,177.25,177.43,173.62,175.68,69701,35.51223241590215,0.21817779035300955,1349606,0.013730185022988355,0.09712035244203321,22.0,1,0,0.0882428957889538,0.13588150521636574,836.0
2018-03-20,175.87,176.76,174.92,175.27,61313,39.576701367977286,0.4241627161606285,1288293,0.010913828198388919,0.07723327979724104,23.0,0,0,0.0882428957889538,0.13588150521636574,836.0
2018-03-21,175.0,175.24,171.22,171.4,61526,39.576701367977286,0.7976256639061647,1226767,-0.010964927879938937,-0.0775601821555938,1.0,0,0,0.0882428957889538,0.13588150521636574,836.0
2018-03-22,170.54,172.65,168.53,168.78,75237,41.66705493174302,1.1748930163716786,1151530,-0.025085989399459642,-0.17726370442397865,2.0,0,0,0.0882428957889538,0.13588150521636574,836.0
2018-03-23,169.04,169.91,164.97,164.98,77188,45.69159653905414,1.607394942455183,1074342,-0.045274679767135895,-0.3193317944465832,3.0,0,1,0.0882428957889538,0.13588150521636574,836.0
2018-03-26,168.1,173.09,166.4,172.51,69091,56.29155380448164,1.3251266542995577,1143433,-0.0016326792693955629,-0.011514861331050952,4.0,0,0,0.0882428957889538,0.13588150521636574,836.0
2018-03-27,173.51,175.13,167.0,168.4,76637,56.29155380448164,1.34946858849725,1066796,-0.024446051476775373,-0.17223976872980984,5.0,0,0,0.0882428957889538,0.13588150521636574,836.0
2018-03-28,167.91,169.99,165.19,166.68,79458,54.56043956043955,1.4091118972182848,987338,-0.0331053973628953,-0.2329362483874604,6.0,0,1,0.0882428957889538,0.13588150521636574,836.0
2018-03-29,167.92,171.74,166.86,168.12,71539,50.568678915135564,1.2828793540786165,1058877,-0.023804532174379854,-0.16733090531343464,7.0,0,0,0.0882428957889538,0.13588150521636574,836.0
2018-04-02,167.36,168.93,164.44,166.49,74271,50.59740259740255,1.2397570328795267,984606,-0.03200627558107777,-0.224690477654093,8.0,0,1,0.0882428957889538,0.13588150521636574,836.0
2018-04-03,167.77,168.72,164.86,168.38,65360,51.79741680982369,1.0235232983205969,1049966,-0.020210017429655756,-0.14176143931473462,9.0,0,1,0.0882428957889538,0.13588150521636574,836.0
2018-04-04,164.87,171.99,164.72,171.43,70625,51.909476661951885,0.6337607066051867,1120591,-0.002365974603665861,-0.01659432404747463,10.0,1,1,0.0882428957889538,0.13588150521636574,836.0
2018-04-05,172.5,174.22,172.05,172.74,67409,54.866618601297795,0.2652638543422876,1188000,0.0050503289014863185,0.03542898277791551,1.0,0,0,0.0882428957889538,0.13588150521636574,836.0
2018-04-06,170.52,172.47,168.17,168.3,72204,54.866618601297795,0.2957601464604017,1115796,-0.0199841243721152,-0.14007803615456282,1.0,0,1,0.0882428957889538,0.13588150521636574,836.0
2018-04-09,170.07,173.03,169.49,169.99,70520,57.27349703640983,0.1828625692670407,1186316,-0.009749309696425673,-0.06831027003084955,2.0,1,1,0.0882428957889538,0.13588150521636574,836.0
2018-04-10,172.57,173.96,171.53,172.93,74765,61.63639186461729,-0.09418209021572754,1261081,0.0070858573884024795,0.0496626817350716,1.0,1,0,0.0882428957889538,0.13588150521636574,836.0
2018-04-11,171.99,173.92,171.67,172.31,71086,53.750338478201954,-0.23218227874981734,1189995,0.0033384501794174494,0.02340140009840752,2.0,1,1,0.0882428957889538,0.13588150521636574,836.0
2018-04-12,173.5,174.98,173.0,174.1,66840,43.50973138169533,-0.4290692681364927,1256835,0.013214591020991125,0.09267977656512016,3.0,1,1,0.0882428957889538,0.13588150521636574,836.0
2018-04-13,174.54,175.83,173.82,174.73,69694,44.9944438832205,-0.5775377964643482,1326529,0.016208288803437085,0.11375115787629397,4.0,1,1,0.0882428957889538,0.13588150521636574,836.0
2018-04-16,175.48,176.24,174.81,175.92,62156,37.93631353337412,-0.7222971721102964,1388685,0.02220201850401528,0.15595699482233272,5.0,1,1,0.0882428957889538,0.13588150521636574,836.0
2018-04-17,176.77,178.93,176.4,178.21,63139,38.62039728682169,-0.9256963658770428,1451824,0.03406838664573673,0.2396449558096947,6.0,1,0,0.0882428957889538,0.13588150521636574,836.0
2018-04-18,178.23,178.81,176.86,177.84,61352,40.848964950302644,-0.9833225047394636,1390472,0.030631285017363945,0.21573731048380296,7.0,1,0,0.0882428957889538,0.13588150521636574,836.0
2018-04-19,174.62,175.35,172.62,172.7,75780,41.61558901682901,-0.6399086121550807,1314692,0.0008104751597307968,0.005708396347216649,8.0,0,0,0.0882428957889538,0.13588150521636574,836.0
2018-04-20,171.93,172.05,165.4,165.71,65075,41.61558901682901,0.05638823821976888,1249617,-0.038199857526480245,-0.26863310939191365,1.0,0,0,0.0882428957889538,0.13588150521636574,836.0
2018-04-23,166.83,166.95,164.06,165.12,74543,38.69877848046434,0.5288026899520002,1175074,-0.040057347909136384,-0.2812357325530286,2.0,0,0,0.0882428957889538,0.13588150521636574,836.0
2018-04-24,165.77,166.32,161.19,163.0,77669,36.455072612510875,0.9325630226950223,1097405,-0.05043158610705051,-0.3533441351979718,3.0,0,1,0.0882428957889538,0.13588150521636574,836.0
2018-04-25,162.27,165.41,162.27,164.01,69350,35.862640493085365,1.070251712366065,1166755,-0.04287568899072239,-0.2998796593078623,4.0,0,1,0.0882428957889538,0.13588150521636574,836.0
2018-04-26,163.96,165.7,163.34,164.8,63854,34.329466357308576,1.0455545480893589,1230609,-0.03682007947973051,-0.25713928051146695,5.0,0,0,0.0882428957889538,0.13588150521636574,836.0
2018-04-27,164.84,164.92,160.62,162.32,64304,34.01715777694889,1.126672473031217,1166305,-0.04940161248292138,-0.34431028911888006,6.0,0,1,0.0882428957889538,0.13588150521636574,836.0
2018-04-30,163.07,167.24,161.8,165.35,64880,30.676425181542697,0.9156576681460562,1231185,-0.030453310175973,-0.21198439542791903,7.0,1,1,0.0882428957889538,0.13588150521636574,836.0
2018-05-01,166.6,177.81,165.24,175.38,80051,46.010638297872354,0.08379085674644293,1311236,0.02721625372426056,0.18966205145159165,1.0,1,1,0.0882428957889538,0.13588150521636574,836.0
2018-05-02,176.42,177.74,173.77,176.36,69975,59.04113643089664,-0.5162472503478088,1381211,0.0316229313486445,0.22065569649268468,2.0,1,1,0.0882428957889538,0.13588150521636574,836.0
2018-05-03,175.74,177.48,174.42,176.92,77973,57.3682185455944,-0.9115445770489193,1459184,0.0334842666427688,0.2339633162380892,3.0,1,1,0.0882428957889538,0.13588150521636574,836.0
2018-05-04,178.75,184.23,178.07,183.81,76952,70.6239646604086,-1.559680427512357,1536136,0.07063672665062216,0.49498436266011936,4.0,1,1,0.0882428957889538,0.13588150521636574,836.0
2018-05-07,184.91,187.66,184.72,185.0,68263,67.99999999999994,-1.9649987031529084,1604399,0.0743002111956154,0.5222398778499269,5.0,1,1,0.0882428957889538,0.13588150521636574,836.0
2018-05-08,184.52,186.2,183.65,185.89,74011,66.18836420558301,-2.1732522446187037,1678410,0.07611485070837677,0.5366618434244117,6.0,1,1,0.0882428957889538,0.13588150521636574,836.0
2018-05-09,186.62,187.48,185.18,187.36,69378,70.18828451882847,-2.2791333972608028,1747788,0.08103711692643295,0.5732633397607287,7.0,1,1,0.0882428957889538,0.13588150521636574,836.0
2018-05-10,187.49,190.36,187.23,189.51,63571,72.33394879984036,-2.3535004602515492,1811359,0.0894500877505805,0.6350961499661878,8.0,1,0,0.0882428957889538,0.13588150521636574,836.0
2018-05-11,189.44,190.04,187.42,188.57,62295,72.33394879984036,-2.2016559732407783,1749064,0.08048503642380464,0.5733276734969479,9.0,1,0,0.0882428957889538,0.13588150521636574,836.0
2018-05-14,188.99,189.5,187.83,188.0,69203,75.03882657463335,-1.9345809243555343,1679861,0.07396681798320329,0.5284912941441178,10.0,1,0,0.0882428957889538,0.13588150521636574,836.0
2018-05-15,187.5,187.5,185.07,186.23,79625,76.14296081277217,-1.528291609224258,1600236,0.06119814738625955,0.4383543806482635,11.0,1,1,0.0882428957889538,0.13588150521636574,836.0
2018-05-16,186.18,188.44,185.47,188.06,71436,78.87706763997835,-1.282304150323446,1671672,0.06862445064950003,0.492928718662057,12.0,1,0,0.0882428957889538,0.13588150521636574,836.0
2018-05-17,187.55,188.89,186.32,186.78,68242,78.87706763997835,-0.9482902934004569,1603430,0.058803631232010045,0.4234021022439265,13.0,1,0,0.0882428957889538,0.13588150521636574,836.0
2018-05-18,187.01,187.8,186.09,186.3,65890,79.35574978054275,-0.6255055395195845,1537540,0.05376507934136033,0.3879745688226137,14.0,1,1,0.0882428957889538,0.13588150521636574,836.0
2018-05-21,187.85,189.26,186.88,187.47,63055,71.97478991596643,-0.43055337170441543,1600595,0.057877917243918046,0.4186422327903472,15.0,1,0,0.0882428957889538,0.13588150521636574,836.0
2018-05-22,188.3,188.87,186.75,187.25,72401,73.7375582138618,-0.23625603615392565,1528194,0.054294846018142544,0.3935974393475874,16.0,1,1,0.0882428957889538,0.13588150521636574,836.0
2018-05-23,185.91,188.49,185.72,188.23,78658,74.89077487068757,-0.128597245456473,1606852,0.0573325777110677,0.4165936181966856,17.0,1,0,0.0882428957889538,0.13588150521636574,836.0
2018-05-24,188.22,188.85,186.18,188.05,71769,66.0750853242321,-0.0065638787480657435,1535083,0.05399353497572185,0.39319779003213284,18.0,1,1,0.0882428957889538,0.13588150521636574,836.0
2018-05-25,188.15,189.64,187.58,188.58,73638,69.76024748646572,0.07278642208566666,1608721,0.054608234421829396,0.39856258257989907,19.0,1,0,0.0882428957889538,0.13588150521636574,836.0
2018-05-29,188.0,188.73,186.85,188.01,86092,70.81000373273625,0.19125766546803513,1522629,0.049304670113896464,0.36057973620418693,20.0,1,0,0.0882428957889538,0.13588150521636574,836.0
2018-05-30,187.95,187.97,186.75,187.35,75197,74.27114863788448,0.33334637423519586,1447432,0.04375379434717698,0.32055700145107835,21.0,1,0,0.0882428957889538,0.13588150521636574,836.0
2018-05-31,187.72,188.22,186.11,186.83,81317,63.68771434335294,0.4730952911048272,1366115,0.03919177798603242,0.2875939817863298,22.0,1,1,0.0882428957889538,0.13588150521636574,836.0
2018-06-01,187.7,190.24,187.47,190.23,71619,72.37790232185748,0.35280828056489844,1437734,0.05569789174130993,0.4096491197555281,23.0,1,1,0.0882428957889538,0.13588150521636574,836.0
2018-06-04,191.53,193.4,191.25,191.88,59140,70.75491647282725,0.18671822255886195,1496874,0.06215331207518768,0.4582903307454842,24.0,1,1,0.0882428957889538,0.13588150521636574,836.0
2018-06-05,192.65,193.92,192.33,193.12,65652,66.38494045332305,0.02636609061185835,1562526,0.06613178997507921,0.4889456118927171,25.0,1,1,0.0882428957889538,0.13588150521636574,836.0
2018-06-06,193.85,194.03,191.92,193.84,64130,61.4847715736039,-0.08885860518608979,1626656,0.06717264316975617,0.4980065682890711,26.0,1,0,0.0882428957889538,0.13588150521636574,836.0
2018-06-07,193.86,194.16,192.31,193.24,74553,58.21130885334513,-0.08531618634124216,1552103,0.061211388077645146,0.4549474871797088,27.0,1,0,0.0882428957889538,0.13588150521636574,836.0
2018-06-08,191.28,191.99,189.77,191.49,66862,59.3023255813952,0.06606622584758082,1485241,0.0494772683644304,0.36847895827068555,28.0,1,0,0.0882428957889538,0.13588150521636574,836.0
2018-06-11,191.49,191.96,190.18,191.16,52538,52.59259259259251,0.21140450461971572,1432703,0.045713859768478186,0.34108762657382385,29.0,1,1,0.0882428957889538,0.13588150521636574,836.0
2018-06-12,191.23,192.61,191.12,192.27,51964,49.767441860465034,0.2529562954009701,1484667,0.049654297517095894,0.3712410529826684,30.0,1,0,0.0882428957889538,0.13588150521636574,836.0
2018-06-13,192.36,192.85,190.44,190.63,49712,50.733137829911996,0.40220054958770657,1434955,0.039042652823731816,0.292368854826492,31.0,1,1,0.0882428957889538,0.13588150521636574,836.0
2018-06-14,191.32,191.52,190.19,190.8,53548,50.265957446808514,0.49469405514909326,1488503,0.038341730932676045,0.28757007620583863,32.0,1,0,0.0882428957889538,0.13588150521636574,836.0
2018-06-15,190.15,190.55,188.26,188.92,57104,49.492537313432855,0.6764673315251888,1431399,0.026978570147522314,0.20256732811935763,33.0,1,0,0.0882428957889538,0.13588150521636574,836.0
2018-06-18,187.58,189.21,187.17,188.7,54228,49.492537313432855,0.7971914552765273,1377171,0.02474653443249645,0.1859960603499644,34.0,1,0,0.0882428957889538,0.13588150521636574,836.0
2018-06-19,186.1,186.43,183.42,185.4,64002,50.175523544365106,1.0680640388036369,1313169,0.006556259825432591,0.049290332493114875,35.0,1,1,0.0882428957889538,0.13588150521636574,836.0
2018-06-20,186.6,187.19,185.7,186.48,53818,50.16059957173443,1.1368914781220125,1366987,0.01192683858247457,0.08971031945415575,36.0,1,0,0.0882428957889538,0.13588150521636574,836.0
2018-06-21,187.58,188.33,184.94,185.0,57895,38.59082094376218,1.2362549009393229,1309092,0.0037423299776254194,0.028153052024578074,37.0,1,0,0.0882428957889538,0.13588150521636574,836.0
2018-06-22,186.19,186.27,184.79,184.98,53322,35.30373195314634,1.2535574276573762,1255770,0.0034908172036867747,0.02626469704321721,38.0,0,0,0.0882428957889538,0.13588150521636574,836.0
2018-06-25,183.25,184.91,180.7,182.1,68988,30.07812500000007,1.3981801550148756,1186782,-0.01166253650655438,-0.08770646754672384,1.0,1,1,0.0882428957889538,0.13588150521636574,836.0
2018-06-26,183.32,186.51,182.51,184.3,65726,38.90784982935168,1.2876428875953976,1252508,0.0002669406551873681,0.0020075115727706816,1.0,0,0,0.0882428957889538,0.13588150521636574,836.0
2018-06-27,185.33,187.275,183.99,184.08,67257,39.05781584582459,1.1744747727670881,1185251,-0.000890760060725477,-0.006698665351649424,1.0,1,1,0.0882428957889538,0.13588150521636574,836.0
2018-06-28,183.24,186.2,183.22,185.56,67453,37.639099083058944,0.9544232592626858,1252704,0.006860058671236134,0.05160324309352404,1.0,0,0,0.0882428957889538,0.13588150521636574,836.0
2018-06-29,186.46,187.17,182.95,182.95,60392,40.996800155144044,0.9377536874457999,1192312,-0.007017621077262012,-0.052773354674855,1.0,1,1,0.0882428957889538,0.13588150521636574,836.0
2018-07-02,183.63,187.28,183.05,187.1,60279,51.88942067290519,0.6158890852663554,1252591,0.014889814192009219,0.11204128668495628,1.0,0,0,0.0882428957889538,0.13588150521636574,836.0
2018-07-03,187.57,187.93,183.6,183.6,34789,51.461420127924825,0.6064082173664662,1217802,-0.003935329365521971,-0.029607391224288904,1.0,1,1,0.0882428957889538,0.13588150521636574,836.0
2018-07-05,185.4,186.4,184.26,185.45,55316,51.89293465155527,0.45041379658041625,1273118,0.005860602255094891,0.04410270254922466,1.0,1,1,0.0882428957889538,0.13588150521636574,836.0
2018-07-06,184.69,188.43,184.57,187.93,55120,55.60688786224266,0.1695332922338105,1328238,0.01854048339912552,0.13962808676299687,2.0,1,1,0.0882428957889538,0.13588150521636574,836.0
2018-07-09,189.35,190.8,189.22,190.74,52848,56.5505901697104,-0.1963453993980447,1381086,0.03240285490657415,0.24434855394872557,3.0,1,0,0.0882428957889538,0.13588150521636574,836.0
2018-07-10,190.51,191.27,189.21,189.28,54377,54.27492532266235,-0.3233704071473116,1326709,0.02351703543238283,0.1775113557546888,4.0,1,0,0.0882428957889538,0.13588150521636574,836.0
2018-07-11,188.54,189.77,187.64,187.98,57993,56.36295180722884,-0.3035014920405299,1268716,0.015830585838867556,0.11956973396038961,5.0,1,1,0.0882428957889538,0.13588150521636574,836.0
2018-07-12,188.98,191.4,188.98,190.82,54182,60.58853546521513,-0.4561172601702239,1322898,0.029918507681730187,0.22625327380507088,6.0,1,1,0.0882428957889538,0.13588150521636574,836.0
2018-07-13,190.94,191.82,190.73,191.33,51154,58.048162230671714,-0.5591079752238499,1374052,0.03134975858127235,0.23738059640095344,7.0,1,0,0.0882428957889538,0.13588150521636574,836.0
2018-07-16,191.62,192.63,189.6,189.85,49446,64.03803131991046,-0.49732425377068,1324606,0.022434822676218446,0.17003233771856685,8.0,1,1,0.0882428957889538,0.13588150521636574,836.0
2018-07-17,189.95,191.86,189.19,191.43,52195,63.2413891667857,-0.529650461206991,1376801,0.029694373388936338,0.225325187219795,9.0,1,0,0.0882428957889538,0.13588150521636574,836.0
2018-07-18,191.85,192.15,189.9,190.19,47343,63.2413891667857,-0.43809536314443553,1329458,0.022101586527887022,0.16786145438766198,10.0,1,1,0.0882428957889538,0.13588150521636574,836.0
2018-07-19,189.75,192.54,189.67,192.07,55761,58.124598587026256,-0.4718059354638807,1385219,0.030902943315061535,0.23500414245086176,11.0,1,0,0.0882428957889538,0.13588150521636574,836.0
2018-07-20,191.57,192.43,190.19,191.12,52065,59.292421926184694,-0.4005841095069771,1333154,0.024766997414864576,0.1885333917665264,12.0,1,1,0.0882428957889538,0.13588150521636574,836.0
2018-07-23,191.0,192.01,189.53,191.56,45727,52.861656013518434,-0.3551197954851182,1378881,0.02603476593115383,0.19839482738350966,13.0,1,1,0.0882428957889538,0.13588150521636574,836.0
2018-07-24,192.52,193.65,191.98,192.88,54583,52.11304982418888,-0.383533259717713,1433464,0.03176548482241146,0.24237934395671346,14.0,1,1,0.0882428957889538,0.13588150521636574,836.0
2018-07-25,192.55,194.8,192.4,194.25,49271,51.33823231982736,-0.4590791366749194,1482735,0.03750337927690529,0.2865997618407903,15.0,1,1,0.0882428957889538,0.13588150521636574,836.0
2018-07-26,194.3,195.95,193.33,194.33,51361,46.57832637502269,-0.47683533657814503,1534096,0.03638906014103893,0.2784978103960327,16.0,1,0,0.0882428957889538,0.13588150521636574,836.0
2018-07-27,194.61,195.09,190.1,190.98,60212,43.37662337662339,-0.23745788605587892,1473884,0.017783729976935028,0.13620377861579414,17.0,1,0,0.0882428957889538,0.13588150521636574,836.0
2018-07-30,191.84,192.19,189.04,189.98,58089,41.03194103194107,0.0011070981212353281,1415795,0.011960209573804146,0.09164676768966729,18.0,1,1,0.0882428957889538,0.13588150521636574,836.0
2018-07-31,190.53,196.56,189.32,195.64,60604,54.16983348303732,-0.19837129087340166,1476399,0.040391106741041106,0.3100135611136352,19.0,1,1,0.0882428957889538,0.13588150521636574,836.0
2018-08-01,198.65,201.85,197.29,201.64,65572,56.602073005858365,-0.6831956704879687,1541971,0.06926679977026136,0.5331502842072098,20.0,1,1,0.0882428957889538,0.13588150521636574,836.0
2018-08-02,200.6,208.37,200.21,207.42,66430,63.5276138279931,-1.305857066669722,1608401,0.09562426490564618,0.7389090965912146,21.0,1,1,0.0882428957889538,0.13588150521636574,836.0
2018-08-03,207.0,208.72,205.46,207.98,57733,61.59800249687874,-1.6461665776711514,1666134,0.09435153907060247,0.7318930535876689,22.0,1,1,0.0882428957889538,0.13588150521636574,836.0
2018-08-06,208.02,209.24,207.06,208.99,53379,61.043566362715154,-1.8166298123072226,1719513,0.09538469110515177,0.742799208348913,23.0,1,0,0.0882428957889538,0.13588150521636574,836.0
2018-08-07,209.35,209.48,206.73,207.09,57054,61.043566362715154,-1.6818508584318206,1662459,0.08180208526952577,0.6391600237078023,24.0,1,0,0.0882428957889538,0.13588150521636574,836.0
2018-08-08,206.34,207.79,204.57,206.92,50299,69.47006409254325,-1.4693886298898562,1612160,0.07749503602318947,0.6074282580721899,25.0,1,1,0.0882428957889538,0.13588150521636574,836.0
2018-08-09,207.18,209.77,206.97,208.78,46113,68.3831881862929,-1.3455744744949412,1658273,0.08347637787541387,0.6565487185399377,26.0,1,0,0.0882428957889538,0.13588150521636574,836.0
2018-08-10,207.52,209.07,206.65,207.51,51951,64.59016393442619,-1.0809976324106536,1606322,0.07364845428027346,0.5809977884011062,27.0,1,1,0.0882428957889538,0.13588150521636574,836.0
2018-08-13,207.74,210.94,207.4,208.92,59108,66.27010723860592,-0.9106305473541596,1665430,0.07752339400857378,0.6135076790520486,28.0,1,1,0.0882428957889538,0.13588150521636574,836.0
2018-08-14,209.85,210.55,208.22,209.75,48838,65.753657706703,-0.7691534807400213,1714268,0.07834485405033298,0.6219975739911945,29.0,1,1,0.0882428957889538,0.13588150521636574,836.0
2018-08-15,208.59,210.72,208.15,210.39,65034,66.28893602768784,-0.6393221671128497,1779302,0.07818348182106352,0.6227035514817487,30.0,1,1,0.0882428957889538,0.13588150521636574,836.0
2018-08-16,211.6,213.8,211.22,212.77,56619,66.06826801517069,-0.6331817483409381,1835921,0.08652923263913762,0.691617137698131,31.0,1,1,0.0882428957889538,0.13588150521636574,836.0
2018-08-17,212.89,217.93,212.79,217.64,59227,70.0921372449268,-0.8623531106940332,1895148,0.10656423341336402,0.8554752891609496,32.0,1,0,0.0882428957889538,0.13588150521636574,836.0
2018-08-20,217.91,219.15,215.07,215.22,50016,62.097696454827734,-0.7598035508011112,1845132,0.09023003156742601,0.7270252778213262,33.0,1,0,0.0882428957889538,0.13588150521636574,836.0
2018-08-21,216.52,217.18,214.02,214.27,51508,58.147925435959216,-0.546793780558529,1793624,0.0817939619647782,0.6612595806518584,34.0,1,1,0.0882428957889538,0.13588150521636574,836.0
2018-08-22,214.32,216.34,213.83,215.0,44021,48.51468341537961,-0.3816834361594932,1837645,0.0818530219990482,0.6639552833713935,35.0,1,1,0.0882428957889538,0.13588150521636574,836.0
2018-08-23,214.78,217.04,214.52,215.5,51668,48.40959346827712,-0.2397028845627469,1889313,0.08079306177727395,0.6575256644156298,36.0,1,1,0.0882428957889538,0.13588150521636574,836.0
2018-08-24,216.34,216.86,215.08,216.17,50414,47.80588538977816,-0.1299651656105194,1939727,0.08058722238937564,0.6580148540463995,37.0,1,1,0.0882428957889538,0.13588150521636574,836.0
2018-08-27,217.04,218.71,216.31,217.92,53613,49.17208132466989,-0.11481612209429759,1993340,0.08553211020481699,0.7008378009465446,38.0,1,1,0.0882428957889538,0.13588150521636574,836.0
2018-08-28,219.02,220.53,218.63,219.78,52375,42.30118443316419,-0.16650581960067257,2045715,0.09074250576144752,0.7462951420858985,39.0,1,1,0.0882428957889538,0.13588150521636574,836.0
2018-08-29,219.85,223.33,219.37,223.22,64741,45.66341183228029,-0.35783149413034554,2110456,0.10315066784030885,0.8519306267099864,40.0,1,1,0.0882428957889538,0.13588150521636574,836.0
2018-08-30,223.59,228.23,222.37,225.02,67904,43.76257545271627,-0.5211721468323676,2178360,0.10718132504680568,0.8891098178193886,41.0,1,1,0.0882428957889538,0.13588150521636574,836.0
2018-08-31,226.15,228.84,225.8,227.52,64628,41.720470945689286,-0.7018942510178796,2242988,0.11426128785633095,0.952281981826502,42.0,1,1,0.0882428957889538,0.13588150521636574,836.0
2018-09-04,227.9,229.17,226.6,228.36,61218,40.888458962720414,-0.7764998800140823,2304206,0.11320743288683588,0.9478787668529094,43.0,1,0,0.0882428957889538,0.13588150521636574,836.0
2018-09-05,227.93,229.63,225.07,226.88,62135,42.28421970357453,-0.6308560274741204,2242071,0.10141462527507056,0.8526678348194423,44.0,1,0,0.0882428957889538,0.13588150521636574,836.0
2018-09-06,227.6,227.65,221.29,223.05,65285,41.26822897772612,-0.20338959979685178,2176786,0.07931594645576293,0.6690338020814295,45.0,1,0,0.0882428957889538,0.13588150521636574,836.0
2018-09-07,223.08,225.35,220.74,221.41,64700,33.19981149858624,0.23901214395104908,2112086,0.06838949643548312,0.5784834569017789,46.0,1,0,0.0882428957889538,0.13588150521636574,836.0
2018-09-10,222.29,222.43,216.48,218.13,65937,33.19981149858624,0.7716998356630755,2046149,0.0503970736396666,0.42717038016053266,47.0,1,1,0.0882428957889538,0.13588150521636574,836.0
2018-09-11,218.39,224.29,216.53,224.04,62041,38.83495145631066,0.7448094508967005,2108190,0.07553048190189043,0.6421833064287341,48.0,1,0,0.0882428957889538,0.13588150521636574,836.0
2018-09-12,224.82,224.94,219.81,221.03,65026,40.46619067618648,0.93615199688168,2043164,0.05854506881237036,0.49896043166680215,49.0,1,1,0.0882428957889538,0.13588150521636574,836.0
2018-09-13,222.68,228.34,222.5,226.61,58299,46.77407736451608,0.7039208115894127,2101463,0.0816516119207547,0.6982168853269286,50.0,1,0,0.0882428957889538,0.13588150521636574,836.0
2018-09-14,227.04,227.05,222.5,223.66,52280,49.01676671496589,0.7611360544427388,2049183,0.06474930739260625,0.5551495564905906,51.0,1,0,0.0882428957889538,0.13588150521636574,836.0
2018-09-17,221.6,222.9,217.23,217.8,57116,48.64685004436564,1.1807460120538007,1992067,0.03535607448620202,0.3035750640791832,52.0,1,1,0.0882428957889538,0.13588150521636574,836.0
2018-09-18,218.46,221.75,217.12,218.1,52085,49.22667955534072,1.40969334065354,2044152,0.03528884417110132,0.3034348654878727,53.0,1,1,0.0882428957889538,0.13588150521636574,836.0
2018-09-19,218.13,219.6,215.27,218.61,51463,43.55825667069062,1.4905205441784748,2095615,0.03617742669886222,0.3115354589981223,54.0,1,1,0.0882428957889538,0.13588150521636574,836.0
2018-09-20,219.98,222.25,219.18,220.23,46045,43.38209420399133,1.4000370226417278,2141660,0.042063789707899694,0.3628477939393804,55.0,1,0,0.0882428957889538,0.13588150521636574,836.0
2018-09-21,220.28,221.35,217.26,217.65,50010,43.32511447692847,1.4717657736536713,2091650,0.028651617192201745,0.24744199809862266,56.0,1,1,0.0882428957889538,0.13588150521636574,836.0
2018-09-24,216.68,221.21,216.48,220.91,57543,46.6847826086956,1.2653562862700816,2149193,0.04225812681358617,0.36558152758493634,57.0,1,1,0.0882428957889538,0.13588150521636574,836.0
2018-09-25,220.19,222.8,219.0,222.11,45589,44.53598255391322,1.0240158504301733,2194782,0.04595418922698276,0.39830382062083913,58.0,1,0,0.0882428957889538,0.13588150521636574,836.0
2018-09-26,221.99,223.73,219.83,220.42,52166,43.557082765566705,0.9555319464384402,2142616,0.03645134807920602,0.3164095531455189,59.0,1,1,0.0882428957889538,0.13588150521636574,836.0
2018-09-27,223.58,226.43,223.21,224.8,52038,49.15766738660907,0.609430137269805,2194654,0.05468736003645893,0.47576604125745803,60.0,1,1,0.0882428957889538,0.13588150521636574,836.0
2018-09-28,224.23,225.82,223.99,225.75,51621,52.24538363227708,0.3249716045682769,2246275,0.05669356176586511,0.4943634514042117,61.0,1,1,0.0882428957889538,0.13588150521636574,836.0
2018-10-01,227.9,229.4,226.34,227.25,58316,47.105340232353775,0.05822127853575809,2304591,0.06106358793146284,0.533800178800135,62.0,1,1,0.0882428957889538,0.13588150521636574,836.0
2018-10-02,227.1,229.99,226.48,229.21,56708,34.951775537045165,-0.2129352171737846,2361299,0.0672763338580452,0.589729583553094,63.0,1,1,0.0882428957889538,0.13588150521636574,836.0
2018-10-03,230.11,233.44,229.76,231.72,61570,30.06114691786479,-0.5072533357726727,2422869,0.07563288837342845,0.6650343057666817,64.0,1,0,0.0882428957889538,0.13588150521636574,836.0
2018-10-04,230.49,232.32,226.76,228.24,64838,30.06114691786479,-0.4172361295419922,2358031,0.057013408907098204,0.5024839408346224,65.0,1,0,0.0882428957889538,0.13588150521636574,836.0
2018-10-05,227.16,228.5,220.56,224.22,65714,29.375033643753,-0.05563133421873179,2292317,0.036834993981552995,0.32513162942936447,66.0,1,0,0.0882428957889538,0.13588150521636574,836.0
2018-10-08,224.1,224.77,220.18,223.95,68996,28.817654639175274,0.2180539352748605,2223321,0.03414326759749109,0.3017931341576343,67.0,1,1,0.0882428957889538,0.13588150521636574,836.0
2018-10-09,222.24,227.26,222.21,226.25,64971,33.35875921688279,0.25777753015474403,2288292,0.042933252437352264,0.38015418772008047,68.0,0,0,0.0882428957889538,0.13588150521636574,836.0
2018-10-10,225.97,226.28,214.47,214.55,70285,33.6277065489174,1.041635869806865,2218007,-0.010572851346917206,-0.09357734905327675,1.0,0,1,0.0882428957889538,0.13588150521636574,836.0
2018-10-11,214.16,219.43,212.29,215.38,78625,32.02160120114303,1.4488028752836253,2296632,-0.006482388383060555,-0.05735862948256454,2.0,1,1,0.0882428957889538,0.13588150521636574,836.0
2018-10-12,219.3,222.85,216.8,222.08,68707,35.767241773831884,1.2206108815593038,2365339,0.023443519255742607,0.2076358265755971,1.0,1,0,0.0882428957889538,0.13588150521636574,836.0
2018-10-15,221.65,221.77,216.97,217.0,62414,37.21661676270036,1.3551404381342942,2302925,3.133827346281528e-05,0.00027755886674185604,2.0,1,1,0.0882428957889538,0.13588150521636574,836.0
2018-10-16,218.92,223.17,216.74,222.84,61423,38.27393261160444,1.0099870456333708,2364348,0.02586064643355595,0.2292862820484629,3.0,1,0,0.0882428957889538,0.13588150521636574,836.0
2018-10-17,221.79,222.6,219.31,221.18,62994,36.23870381263034,0.8586016986845759,2301354,0.01749175554173581,0.15519662392890154,4.0,0,0,0.0882428957889538,0.13588150521636574,836.0
2018-10-18,219.02,219.72,214.87,216.2,71836,37.84760683262405,1.0465199957426043,2229518,-0.0052063280413097894,-0.046183635833017433,1.0,1,1,0.0882428957889538,0.13588150521636574,836.0
2018-10-19,218.61,221.23,217.4,219.24,61514,40.00000000000004,0.9230533612309199,2291032,0.008434242210633146,0.07484317341533142,1.0,1,1,0.0882428957889538,0.13588150521636574,836.0
2018-10-22,220.69,223.32,218.53,220.52,67432,45.5327329758171,0.721104272134306,2358464,0.013752470408769134,0.12210422543827804,2.0,1,1,0.0882428957889538,0.13588150521636574,836.0
2018-10-23,216.36,223.25,214.67,223.14,73658,45.65371024734984,0.3933911939009429,2432122,0.024760181666237405,0.22006092247988818,3.0,0,0,0.0882428957889538,0.13588150521636574,836.0
2018-10-24,222.15,224.19,214.51,217.02,72472,43.99688655380427,0.5609007084717776,2359650,-0.003214857061354451,-0.028568917617377565,1.0,0,1,0.0882428957889538,0.13588150521636574,836.0
2018-10-25,218.35,221.35,216.74,217.03,65859,39.73400250941031,0.6375443392307831,2425509,-0.003045033279343825,-0.02705641104412848,2.0,0,0,0.0882428957889538,0.13588150521636574,836.0
2018-10-26,215.85,220.15,212.66,216.11,69074,39.148494288681235,0.7111145434485798,2356435,-0.006988019187281806,-0.062073806689454614,3.0,0,0,0.0882428957889538,0.13588150521636574,836.0
2018-10-29,219.35,219.71,206.99,211.8,76839,37.75548123374211,0.9936228182321594,2279596,-0.025768600444200526,-0.22865914760359374,4.0,0,1,0.0882428957889538,0.13588150521636574,836.0
2018-10-30,213.04,215.12,209.24,214.1,76576,37.298010333076846,0.968180452029564,2356172,-0.01460217393973335,-0.1294960437759869,5.0,1,1,0.0882428957889538,0.13588150521636574,836.0
2018-10-31,215.78,220.43,215.59,218.7,74848,43.22484030231418,0.6020670150564624,2431020,0.006310132973234206,0.05597438931323495,1.0,0,0,0.0882428957889538,0.13588150521636574,836.0
2018-11-01,219.73,223.42,210.58,212.99,70544,40.11715268050426,0.6982077036068629,2360476,-0.019195589821966706,-0.17014225340491862,1.0,0,0,0.0882428957889538,0.13588150521636574,836.0
2018-11-02,208.07,213.56,205.41,206.67,73738,36.24519348768714,1.1163778872653844,2286738,-0.04649274990339222,-0.4113131454282666,2.0,0,0,0.0882428957889538,0.13588150521636574,836.0
2018-11-05,203.81,204.43,198.17,201.53,63939,34.553014553014506,1.6366194533588536,2222799,-0.06764002680485542,-0.5967518456075425,3.0,0,1,0.0882428957889538,0.13588150521636574,836.0
2018-11-06,200.58,204.68,200.57,204.0,63359,34.4609147345749,1.7041828535174939,2286158,-0.05412769628453491,-0.4764870673484154,4.0,0,1,0.0882428957889538,0.13588150521636574,836.0
2018-11-07,205.96,209.98,204.1,209.56,60423,36.1799074006026,1.2833938053815466,2346581,-0.027266663578309983,-0.23976208431514578,5.0,0,0,0.0882428957889538,0.13588150521636574,836.0
2018-11-08,209.14,210.07,206.74,207.75,63198,35.506136775895726,1.0459844290877611,2283383,-0.034317546925726916,-0.3013400417929688,6.0,0,0,0.0882428957889538,0.13588150521636574,836.0
2018-11-09,205.81,205.98,202.23,204.49,66118,36.0426929392446,1.026110872696547,2217265,-0.047623328373627566,-0.41736592250697413,7.0,0,0,0.0882428957889538,0.13588150521636574,836.0
2018-11-12,199.5,199.9,192.97,193.55,71630,34.837355718782746,1.631407302396552,2145635,-0.0950763465232679,-0.8300182392713964,8.0,0,0,0.0882428957889538,0.13588150521636574,836.0
2018-11-13,192.42,197.16,191.14,192.61,70670,37.27079955095417,1.9549225833548451,2074965,-0.09594465419189595,-0.8343312494960458,9.0,0,0,0.0882428957889538,0.13588150521636574,836.0
2018-11-14,192.4,194.48,185.95,187.62,66625,43.60142515040007,2.338869568132271,2008340,-0.11522460341117294,-0.9972986514766262,10.0,0,1,0.0882428957889538,0.13588150521636574,836.0
2018-11-15,188.21,191.93,186.86,190.69,68421,45.05068201726939,2.220865711501702,2076761,-0.09718022428627786,-0.8377967435755806,11.0,0,1,0.0882428957889538,0.13588150521636574,836.0
2018-11-16,189.52,194.94,189.22,193.48,64092,44.106415478615034,1.8072418927145346,2140853,-0.08094456749525082,-0.6955302046117993,12.0,0,0,0.0882428957889538,0.13588150521636574,836.0
2018-11-19,190.14,190.67,184.99,185.85,69072,45.71640499443686,1.8908730399589375,2071781,-0.11311227982860414,-0.9674701965878398,13.0,0,0,0.0882428957889538,0.13588150521636574,836.0
2018-11-20,180.97,181.41,175.51,176.7,69604,43.997465948685445,2.3744830504103707,2002177,-0.15156035197656517,-1.2883537182902671,14.0,0,0,0.0882428957889538,0.13588150521636574,836.0
2018-11-21,179.19,180.24,176.47,176.59,50514,45.53799750836008,2.5011168194740616,1951663,-0.14700102185554878,-1.242143768553376,15.0,0,0,0.0882428957889538,0.13588150521636574,836.0
2018-11-23,175.34,176.55,172.11,172.28,29510,50.53563487892628,2.65970008166697,1922153,-0.16230700688104022,-1.3624518560611136,16.0,0,0,0.0882428957889538,0.13588150521636574,836.0
2018-11-26,174.23,174.92,170.24,171.51,53381,45.53600699377113,2.5980189461355057,1868772,-0.16058494127546669,-1.3392184499410575,17.0,0,1,0.0882428957889538,0.13588150521636574,836.0
2018-11-27,171.29,174.76,170.86,174.61,60870,48.87791741472172,2.148618010710898,1929642,-0.1405115272724204,-1.1651314519041591,18.0,0,1,0.0882428957889538,0.13588150521636574,836.0
2018-11-28,175.97,181.48,174.91,181.29,66597,49.1885771795194,1.2463957841944477,1996239,-0.10384786933915902,-0.8574792381039629,19.0,0,0,0.0882428957889538,0.13588150521636574,836.0
2018-11-29,181.65,182.77,177.68,179.19,61549,49.1885771795194,0.665128225200327,1934690,-0.11024286885947399,-0.9062055424920743,20.0,0,0,0.0882428957889538,0.13588150521636574,836.0
2018-11-30,178.98,180.29,177.0,178.6,52636,53.08172685310883,0.21761920569408133,1882054,-0.10921907098645936,-0.8938053251394535,21.0,0,1,0.0882428957889538,0.13588150521636574,836.0
2018-12-03,184.53,184.93,181.17,184.11,62866,59.97164461247636,-0.5123771377959514,1944920,-0.07878467416215178,-0.6426757045457236,22.0,0,0,0.0882428957889538,0.13588150521636574,836.0
2018-12-04,181.11,182.37,176.23,176.38,60994,57.220155563070655,-0.5350497685965028,1883926,-0.11337849565204912,-0.9206099906419922,23.0,0,0,0.0882428957889538,0.13588150521636574,836.0
2018-12-06,172.6,174.76,170.41,174.6,66832,56.56970912738211,-0.49169267571241626,1817094,-0.11809555728697578,-0.9543115596364089,24.0,0,0,0.0882428957889538,0.13588150521636574,836.0
2018-12-07,173.9,175.12,168.3,168.38,68244,57.60713716743665,-0.1247511872667264,1748850,-0.14449674569410328,-1.1608091455330225,25.0,0,1,0.0882428957889538,0.13588150521636574,836.0
2018-12-10,167.67,170.25,163.72,170.03,74126,56.009257728550175,-0.07618962877559454,1822976,-0.13147745974171868,-1.0505813359042975,26.0,0,0,0.0882428957889538,0.13588150521636574,836.0
2018-12-11,171.64,171.95,166.96,168.23,62289,55.59769528116114,-0.00938352772949358,1760687,-0.13590513795009443,-1.07997030312373,27.0,0,1,0.0882428957889538,0.13588150521636574,836.0
2018-12-12,169.87,171.91,168.87,169.04,61176,50.39432176656152,-0.10118690268044261,1821863,-0.1272355619456959,-1.0058538206482694,28.0,0,1,0.0882428957889538,0.13588150521636574,836.0
2018-12-13,169.91,172.52,169.54,170.37,57577,43.02465423932655,-0.32054569956338064,1879440,-0.11619683405049124,-0.9142517100346197,29.0,0,0,0.0882428957889538,0.13588150521636574,836.0
2018-12-14,168.71,169.4,165.25,165.38,60244,43.03694681282992,-0.2042963893315779,1819196,-0.1372757279740004,-1.0740849763077733,30.0,0,0,0.0882428957889538,0.13588150521636574,836.0
2018-12-17,164.96,168.32,162.69,163.98,64163,45.44299777707213,-0.11242818061419158,1755033,-0.13970130210563717,-1.086865957629044,31.0,0,1,0.0882428957889538,0.13588150521636574,836.0
2018-12-18,165.39,167.51,164.36,164.76,57021,43.367258927031244,-0.17952371784861398,1812054,-0.1309877265315294,-1.0136555279180754,32.0,0,0,0.0882428957889538,0.13588150521636574,836.0
2018-12-19,166.18,167.42,159.12,160.93,62332,37.736908605924555,-0.04812879140784254,1749722,-0.14612613574132938,-1.124100409176208,33.0,0,0,0.0882428957889538,0.13588150521636574,836.0
2018-12-20,160.9,162.04,155.37,157.82,68950,37.736908605924555,0.15494915040377855,1680772,-0.15725273688109098,-1.2019788245026461,34.0,0,0,0.0882428957889538,0.13588150521636574,836.0
2018-12-21,157.42,158.13,149.58,150.78,70325,30.558187123422726,0.6427611945855674,1610447,-0.1886462580510231,-1.4309208313848956,35.0,0,0,0.0882428957889538,0.13588150521636574,836.0
2018-12-24,149.2,151.5,146.58,146.59,35414,20.352318274036392,1.100121819829491,1575033,-0.20460531452104044,-1.5391200144678123,36.0,0,1,0.0882428957889538,0.13588150521636574,836.0
2018-12-26,148.03,157.19,146.7,156.3,68819,38.97852723522994,0.624847558672645,1643852,-0.14683621407623557,-1.097978053116151,37.0,0,0,0.0882428957889538,0.13588150521636574,836.0
2018-12-27,155.25,156.77,150.04,156.05,74287,41.81279890685498,0.22413025862739744,1569565,-0.14322141571173475,-1.064724011817475,38.0,0,1,0.0882428957889538,0.13588150521636574,836.0
2018-12-28,157.0,158.47,154.51,156.18,68196,35.85692068429242,-0.1336114700261426,1637761,-0.13768860423874765,-1.0178720897854134,39.0,0,1,0.0882428957889538,0.13588150521636574,836.0
2018-12-31,157.5,159.32,156.48,157.93,61021,36.01613403661189,-0.5487436183679311,1698782,-0.12362642939509051,-0.9093280862644235,40.0,0,0,0.0882428957889538,0.13588150521636574,836.0
2019-01-02,154.5,158.83,144.48,146.09,63648,35.66237140549842,-0.10955230775599212,1635134,-0.1832641264062146,-1.3379818868030782,41.0,0,0,0.0882428957889538,0.13588150521636574,836.0
2019-01-03,145.23,145.7,141.97,142.5,75000,39.79253112033197,0.31584322707467294,1560134,-0.19693091184214162,-1.4262963226147178,42.0,0,1,0.0882428957889538,0.13588150521636574,836.0
2019-01-04,144.05,148.53,143.57,148.28,67367,51.09591795696762,0.11160051947107874,1627501,-0.15893632380369793,-1.1436964668259009,43.0,0,0,0.0882428957889538,0.13588150521636574,836.0
2019-01-07,148.06,148.79,145.88,147.76,65662,51.96850393700785,-0.07478357824992798,1561839,-0.15653110029162448,-1.1192377818523482,44.0,0,1,0.0882428957889538,0.13588150521636574,836.0
2019-01-08,148.38,151.8,148.28,150.55,64405,50.986121256391534,-0.4512697032220956,1626244,-0.1358398424915067,-0.9659343394267523,45.0,0,1,0.0882428957889538,0.13588150521636574,836.0
2019-01-09,151.42,154.52,149.61,152.88,69449,48.526302161998856,-0.8967874109099068,1695693,-0.11823083345068887,-0.836682012390412,46.0,0,1,0.0882428957889538,0.13588150521636574,836.0
2019-01-10,152.18,153.96,150.87,153.8,66931,45.68518012567815,-1.2701911369660017,1762624,-0.10897872007498659,-0.7677925217084294,47.0,0,0,0.0882428957889538,0.13588150521636574,836.0
2019-01-11,152.9,153.65,151.48,152.21,60900,46.02680473178883,-1.4157434173583034,1701724,-0.1140840483151002,-0.8000359522296776,48.0,0,0,0.0882428957889538,0.13588150521636574,836.0
2019-01-14,150.74,151.29,149.19,149.87,58072,58.85458567980689,-1.3597627212858274,1643652,-0.12331323855005835,-0.8604266992010707,49.0,0,1,0.0882428957889538,0.13588150521636574,836.0
2019-01-15,150.28,153.37,149.97,152.87,59364,63.372846379037256,-1.5180868109924246,1703016,-0.10203989751081699,-0.709037416879454,50.0,0,1,0.0882428957889538,0.13588150521636574,836.0
2019-01-16,153.06,155.86,152.6,153.99,64196,53.86289445048964,-1.6789961433543086,1767212,-0.09206207679188128,-0.6373104593547794,51.0,0,1,0.0882428957889538,0.13588150521636574,836.0
2019-01-17,153.99,157.62,153.25,155.65,58365,50.12092831780991,-1.863725489260399,1825577,-0.07930399456948768,-0.5472198531055597,52.0,0,1,0.0882428957889538,0.13588150521636574,836.0
2019-01-18,156.95,157.84,155.97,156.8,61794,51.39647996790855,-2.0169061246925226,1887371,-0.06985696972342008,-0.4806622118072994,53.0,0,0,0.0882428957889538,0.13588150521636574,836.0
2019-01-22,155.8,156.67,152.65,153.15,64337,52.10938802734702,-1.8313609342102133,1823034,-0.08823695771674152,-0.6049499682070234,54.0,0,1,0.0882428957889538,0.13588150521636574,836.0
2019-01-23,154.0,155.12,151.68,153.88,66987,50.12092831780991,-1.7185828692444636,1890021,-0.08086717454458575,-0.5525989890616358,55.0,0,0,0.0882428957889538,0.13588150521636574,836.0
2019-01-24,154.56,154.58,151.72,152.44,63776,52.427602540639434,-1.5149245128645976,1826245,-0.0862624594789198,-0.5873990287063009,56.0,0,1,0.0882428957889538,0.13588150521636574,836.0
2019-01-25,154.12,158.12,154.12,157.67,56864,52.9362416107382,-1.6871912563023113,1883109,-0.052873816114785914,-0.35926573346290525,57.0,0,0,0.0882428957889538,0.13588150521636574,836.0
2019-01-28,156.25,156.49,153.65,155.92,62867,52.9362416107382,-1.6367573184738475,1820242,-0.06105212367092644,-0.41380433215061885,58.0,0,1,0.0882428957889538,0.13588150521636574,836.0
2019-01-29,156.47,161.62,150.98,160.54,66595,55.227454110135604,-1.8521707559237885,1886837,-0.031969055500334034,-0.2164002406937584,59.0,0,1,0.0882428957889538,0.13588150521636574,836.0
2019-01-30,161.68,166.11,160.22,165.66,70344,58.32095096582462,-2.2506072096341954,1957181,-0.001053315614821756,-0.007129643019482046,60.0,1,1,0.0882428957889538,0.13588150521636574,836.0
2019-01-31,166.1,168.98,164.53,166.77,62821,58.51614493468075,-2.4818338259124735,2020002,0.005417718930994924,0.036679362589126185,1.0,1,0,0.0882428957889538,0.13588150521636574,836.0
