Date_Time,Open,High,Low,Close,Volume,rsi,macd_decision,obv,Close_ema_50_crossover_count,Close_ema_50_classification,Close_increase_decrease,revenue,eps,pe_ratio,debt_to_equity,price_to_book
2017-01-04,116.009,116.489,115.719,115.999,48389,0.0,0.0,0,1.0,1,1,78351.0,0.84,27.38,1.5,4.35
2017-01-05,115.799,116.839,115.779,116.669,49817,58.60058309037928,-0.04275783475782191,49817,2.0,1,1,78351.0,0.84,27.38,1.5,4.35
2017-01-06,116.319,118.149,116.319,117.889,55550,72.69230769230788,-0.14507627697826136,105367,3.0,1,1,78351.0,0.84,27.38,1.5,4.35
2017-01-09,118.029,119.419,117.759,118.899,53010,75.38994800693261,-0.2656300846782892,158377,4.0,1,1,78351.0,0.84,27.38,1.5,4.35
2017-01-10,118.899,119.369,118.279,119.049,50976,75.54179566563494,-0.33580522080020225,209353,5.0,1,1,78351.0,0.84,27.38,1.5,4.35
2017-01-11,118.889,119.919,118.539,119.699,57746,75.74206755373612,-0.4018687488638125,267099,6.0,1,0,78351.0,0.84,27.38,1.5,4.35
2017-01-12,118.959,119.269,118.179,119.129,56357,75.74206755373612,-0.38311855131975703,210742,7.0,1,0,78351.0,0.84,27.38,1.5,4.35
2017-01-13,119.089,119.609,118.779,118.989,48352,78.7904599659285,-0.33876006078443444,162390,8.0,1,1,78351.0,0.84,27.38,1.5,4.35
2017-01-17,118.589,120.219,118.219,119.909,53778,76.08069164265135,-0.3475507546341734,216168,9.0,1,1,78351.0,0.84,27.38,1.5,4.35
2017-01-18,119.989,120.489,119.719,119.919,50727,73.60890302066775,-0.3303272923419196,266895,10.0,1,0,78351.0,0.84,27.38,1.5,4.35
2017-01-19,119.49,120.079,119.069,119.839,52489,73.19000948466666,-0.29120507085041214,214406,11.0,1,1,78351.0,0.84,27.38,1.5,4.35
2017-01-20,120.059,120.319,119.699,119.989,56011,73.31288343558288,-0.254422330256161,270417,12.0,1,1,78351.0,0.84,27.38,1.5,4.35
2017-01-23,119.699,120.799,119.669,120.039,54048,71.41448989650078,-0.21407249667080275,324465,13.0,1,0,78351.0,0.84,27.38,1.5,4.35
2017-01-24,119.479,120.089,119.329,119.999,50078,71.41448989650078,-0.16737057899025043,274387,14.0,1,1,78351.0,0.84,27.38,1.5,4.35
2017-01-25,120.159,122.089,120.139,121.849,52016,75.65118912797296,-0.2393694029655129,326403,15.0,1,1,78351.0,0.84,27.38,1.5,4.35
2017-01-26,121.649,122.429,121.569,121.939,51783,72.61904761904775,-0.2691285952620359,378186,16.0,1,0,78351.0,0.84,27.38,1.5,4.35
2017-01-27,121.949,122.329,121.569,121.709,46581,70.21582733812963,-0.24981772777568123,331605,17.0,1,0,78351.0,0.84,27.38,1.5,4.35
2017-01-30,120.909,121.729,120.619,121.609,45725,67.77583187390553,-0.20848991620754553,285880,18.0,1,1,78351.0,0.84,27.38,1.5,4.35
2017-01-31,121.309,125.169,119.079,123.949,53742,73.90243902439033,-0.31076869182430045,339622,19.0,1,1,78351.0,0.84,27.38,1.5,4.35
2017-02-01,127.099,130.479,126.769,128.899,63987,82.88000000000008,-0.6635514695945346,403609,20.0,1,0,78351.0,0.84,27.38,1.5,4.35
2017-02-02,128.399,129.379,127.749,128.199,51411,83.7104072398191,-0.7927696780973041,352198,21.0,1,1,78351.0,0.84,27.38,1.5,4.35
2017-02-03,128.249,129.169,128.139,129.049,45183,80.32963095664655,-0.8721986101961443,397381,22.0,1,1,78351.0,0.84,27.38,1.5,4.35
2017-02-06,128.719,130.489,128.649,130.259,48759,80.73008073008089,-0.937243234466957,446140,23.0,1,1,78351.0,0.84,27.38,1.5,4.35
2017-02-07,130.439,132.079,130.309,131.429,47414,82.18111002921148,-0.9851734331072368,493554,24.0,1,1,78351.0,0.84,27.38,1.5,4.35
2017-02-08,131.509,132.209,131.159,132.059,43503,80.96253426743813,-0.9831571131144883,537057,25.0,1,1,78351.0,0.84,27.38,1.5,4.35
2017-02-09,131.549,132.429,131.089,132.299,41928,77.73044151820285,-0.9228112788713596,578985,26.0,1,0,78351.0,0.84,27.38,1.5,4.35
2017-02-10,132.159,132.929,132.029,132.109,42549,79.43980929678179,-0.7995241944626699,536436,27.0,1,1,78351.0,0.84,27.38,1.5,4.35
2017-02-13,132.53,133.81,132.52,133.21,45216,79.01191758071278,-0.7238159931341159,581652,28.0,1,1,78351.0,0.84,27.38,1.5,4.35
2017-02-14,133.08,135.25,133.0,135.25,49889,80.53724546940077,-0.7401731262430689,631541,29.0,1,1,78351.0,0.84,27.38,1.5,4.35
2017-02-15,135.62,136.25,134.59,135.52,50647,80.72832390960448,-0.6987332901954946,682188,30.0,1,0,78351.0,0.84,27.38,1.5,4.35
2017-02-16,135.22,135.89,134.82,135.26,50952,80.72832390960448,-0.5878238619447211,631236,31.0,1,1,78351.0,0.84,27.38,1.5,4.35
2017-02-17,134.85,135.78,134.82,135.69,46560,79.66976444126678,-0.4818807131969556,677796,32.0,1,1,78351.0,0.84,27.38,1.5,4.35
2017-02-21,136.19,136.74,135.95,136.6,44209,78.0261198952184,-0.41413822216162366,722005,33.0,1,1,78351.0,0.84,27.38,1.5,4.35
2017-02-22,136.43,137.11,136.08,137.06,41367,64.91442116638186,-0.34422848313215404,763372,34.0,1,0,78351.0,0.84,27.38,1.5,4.35
2017-02-23,137.3,137.47,136.27,136.45,47376,60.75957627302962,-0.20755567245857787,715996,35.0,1,1,78351.0,0.84,27.38,1.5,4.35
2017-02-24,135.41,136.64,135.11,136.64,43574,61.13348879937816,-0.08678274616316539,759570,36.0,1,1,78351.0,0.84,27.38,1.5,4.35
2017-02-27,136.87,137.42,136.25,136.75,44049,57.85763543023537,0.022996532810032555,803619,37.0,1,1,78351.0,0.84,27.38,1.5,4.35
2017-02-28,136.92,137.42,136.67,136.96,43275,54.511620213381995,0.11369621528681861,846894,38.0,1,1,78351.0,0.84,27.38,1.5,4.35
2017-03-01,137.75,140.14,137.57,139.7,50530,61.081081081081315,0.025964722951616448,897424,39.0,1,0,78351.0,0.84,27.38,1.5,4.35
2017-03-02,139.99,140.26,138.49,138.93,47635,62.66943189393399,0.054935877972437375,849789,40.0,1,1,78351.0,0.84,27.38,1.5,4.35
2017-03-03,138.6,139.82,138.53,139.72,46641,62.52788104089238,0.05585451009742215,896430,41.0,1,0,78351.0,0.84,27.38,1.5,4.35
2017-03-06,139.33,139.74,138.57,139.36,43516,64.34210526315809,0.11240521778861723,852914,42.0,1,1,78351.0,0.84,27.38,1.5,4.35
2017-03-07,138.99,139.98,138.76,139.47,46986,59.69289827255317,0.17061005490663605,899900,43.0,1,0,78351.0,0.84,27.38,1.5,4.35
2017-03-08,139.08,139.79,138.66,138.97,46938,61.15107913669099,0.2653403946657171,852962,44.0,1,0,78351.0,0.84,27.38,1.5,4.35
2017-03-09,138.46,138.81,137.03,138.69,48103,58.10546875000033,0.36335364044682894,804859,45.0,1,1,78351.0,0.84,27.38,1.5,4.35
2017-03-10,138.98,139.34,138.62,139.14,47413,58.18713450292422,0.41087148078665736,852272,46.0,1,1,78351.0,0.84,27.38,1.5,4.35
2017-03-13,138.71,139.42,138.68,139.17,42588,46.363044892648134,0.45011577513230705,894860,47.0,1,0,78351.0,0.84,27.38,1.5,4.35
2017-03-14,138.89,139.64,138.81,138.98,44068,47.682801235839335,0.49513110151558815,850792,48.0,1,1,78351.0,0.84,27.38,1.5,4.35
2017-03-15,139.15,140.74,138.99,140.42,48145,52.80228656642229,0.4362525252253979,898937,49.0,1,1,78351.0,0.84,27.38,1.5,4.35
2017-03-16,140.69,141.0,140.23,140.66,47497,54.3378995433789,0.39092866459163744,946434,50.0,1,0,78351.0,0.84,27.38,1.5,4.35
2017-03-17,140.66,141.02,139.86,139.9,44078,56.79762386931266,0.41940324711571053,902356,51.0,1,1,78351.0,0.84,27.38,1.5,4.35
2017-03-20,140.24,141.52,140.19,141.43,42865,61.10030564045554,0.3455422244505493,945221,52.0,1,0,78351.0,0.84,27.38,1.5,4.35
2017-03-21,141.98,142.78,139.68,139.71,64316,50.45064849417442,0.4180309906624604,880905,53.0,1,1,78351.0,0.84,27.38,1.5,4.35
2017-03-22,139.39,141.59,139.37,141.18,52296,56.35461872287645,0.37391786360408474,933201,54.0,1,0,78351.0,0.84,27.38,1.5,4.35
2017-03-23,141.22,141.58,140.58,140.77,50696,58.751393534002034,0.3781583853420729,882505,55.0,1,0,78351.0,0.84,27.38,1.5,4.35
2017-03-24,141.1,141.73,140.34,140.63,49130,60.02277904327997,0.39439107353860914,833375,56.0,1,1,78351.0,0.84,27.38,1.5,4.35
2017-03-27,139.55,141.21,138.59,140.91,48624,60.78212290502779,0.3895869591688399,881999,57.0,1,1,78351.0,0.84,27.38,1.5,4.35
2017-03-28,140.84,144.03,140.59,143.62,52086,62.74056966897599,0.21588435355258895,934085,58.0,1,1,78351.0,0.84,27.38,1.5,4.35
2017-03-29,143.57,144.48,143.17,144.15,47723,62.33073450964279,0.08405568635876648,981808,59.0,1,0,78351.0,0.84,27.38,1.5,4.35
2017-03-30,144.1,144.49,143.47,143.85,43460,65.36934074662415,0.03816055016272912,938348,60.0,1,0,78351.0,0.84,27.38,1.5,4.35
2017-03-31,143.75,144.26,142.98,143.67,41327,76.49253731343255,0.040787689993408094,897021,61.0,1,0,52896.0,0.53,34.11,1.5,5.3
2017-04-03,143.5,144.11,143.03,143.67,48795,66.82361463237942,0.06210979051070353,897021,62.0,1,1,52896.0,0.53,34.11,1.5,5.3
2017-04-04,143.18,144.88,143.16,144.83,44733,65.50868486352346,0.01986173965799498,941754,63.0,1,0,52896.0,0.53,34.11,1.5,5.3
2017-04-05,144.6,145.45,143.24,143.5,51367,65.2229299363058,0.09884457610604391,890387,64.0,1,1,52896.0,0.53,34.11,1.5,5.3
2017-04-06,144.05,144.51,143.43,143.62,47399,62.500000000000085,0.15691127396330407,937786,65.0,1,0,52896.0,0.53,34.11,1.5,5.3
2017-04-07,143.38,144.16,143.2,143.34,44266,60.51474530831105,0.2239936221062533,893520,66.0,1,0,52896.0,0.53,34.11,1.5,5.3
2017-04-10,143.62,143.86,142.87,143.1,44117,60.861968549796224,0.29014700432141227,849403,67.0,1,0,52896.0,0.53,34.11,1.5,5.3
2017-04-11,142.91,143.29,140.02,141.4,53937,56.8720379146921,0.4447627445413107,795466,68.0,1,1,52896.0,0.53,34.11,1.5,5.3
2017-04-12,141.43,142.13,140.98,141.76,49336,55.036738563640846,0.5142416726397783,844802,69.0,1,0,52896.0,0.53,34.11,1.5,5.3
2017-04-13,141.59,142.37,141.02,141.11,49029,52.1080535218381,0.590000075718724,795773,70.0,1,1,52896.0,0.53,34.11,1.5,5.3
2017-04-17,141.7,141.93,140.85,141.8,41033,54.012121212121365,0.5788625523545681,836806,71.0,1,0,52896.0,0.53,34.11,1.5,5.3
2017-04-18,141.49,142.03,141.07,141.22,47489,44.27244582043379,0.5935732813281476,789317,72.0,1,0,52896.0,0.53,34.11,1.5,5.3
2017-04-19,141.8,141.98,140.42,140.72,44074,46.373286156568206,0.617255746700937,745243,73.0,1,1,52896.0,0.53,34.11,1.5,5.3
2017-04-20,141.22,142.91,140.99,142.39,48973,56.4440263405458,0.5054288674800229,794216,74.0,1,0,52896.0,0.53,34.11,1.5,5.3
2017-04-21,142.45,142.65,141.83,142.25,42525,54.85087418580758,0.4288875029971926,751691,75.0,1,1,52896.0,0.53,34.11,1.5,5.3
2017-04-24,143.7,143.93,143.17,143.66,43530,59.06113537117916,0.27857994007122855,795221,76.0,1,1,52896.0,0.53,34.11,1.5,5.3
2017-04-25,144.01,144.89,143.67,144.42,55609,57.19178082191777,0.1307630653170606,850830,77.0,1,0,52896.0,0.53,34.11,1.5,5.3
2017-04-26,144.53,144.59,143.34,143.71,61983,60.28880866425972,0.08577004082218775,788847,78.0,1,0,52896.0,0.53,34.11,1.5,5.3
2017-04-27,143.74,144.14,143.27,143.66,56759,64.00523560209402,0.06526847694010862,732088,79.0,1,0,52896.0,0.53,34.11,1.5,5.3
2017-04-28,143.86,144.29,143.23,143.6,57844,64.18526157884853,0.06168182852436843,674244,80.0,1,1,52896.0,0.53,34.11,1.5,5.3
2017-05-01,144.51,147.18,144.26,146.66,58293,70.5412599822537,-0.13036655701210043,732537,81.0,1,0,52896.0,0.53,34.11,1.5,5.3
2017-05-02,147.2,148.08,144.28,144.35,54899,69.76306882286572,-0.0874736280957602,677638,82.0,1,1,52896.0,0.53,34.11,1.5,5.3
2017-05-03,145.8,147.49,144.25,146.4,63355,71.30177514792899,-0.17761819721352667,740993,83.0,1,0,52896.0,0.53,34.11,1.5,5.3
2017-05-04,146.73,147.12,145.78,146.35,55713,71.30177514792899,-0.21200064364746285,685280,84.0,1,1,52896.0,0.53,34.11,1.5,5.3
2017-05-05,146.7,148.97,146.69,148.94,52700,75.58008982035929,-0.3776255273470772,737980,85.0,1,1,52896.0,0.53,34.11,1.5,5.3
2017-05-08,148.8,153.69,148.75,152.92,54734,80.0,-0.704674165794517,792714,86.0,1,1,52896.0,0.53,34.11,1.5,5.3
2017-05-09,153.59,154.87,153.42,153.91,50059,62.01105328110747,-0.9233347465908439,842773,87.0,1,0,52896.0,0.53,34.11,1.5,5.3
2017-05-10,152.88,153.93,152.08,153.21,44805,59.13528591352862,-0.9526409252015049,797968,88.0,1,1,52896.0,0.53,34.11,1.5,5.3
2017-05-11,152.56,154.06,152.27,153.8,43055,56.83241252302029,-0.9418806795744086,841023,89.0,1,1,52896.0,0.53,34.11,1.5,5.3
2017-05-12,154.59,156.41,154.57,156.07,44973,61.10735989196491,-1.0116385839290603,885996,90.0,1,0,52896.0,0.53,34.11,1.5,5.3
2017-05-15,156.47,156.64,155.03,155.6,40228,66.2872590168599,-0.9510407523540869,845768,91.0,1,0,52896.0,0.53,34.11,1.5,5.3
2017-05-16,155.96,156.16,154.69,155.36,38225,65.15172703118452,-0.8244255578006898,807543,92.0,1,0,52896.0,0.53,34.11,1.5,5.3
2017-05-17,154.07,154.54,149.68,150.34,53594,65.15172703118452,-0.35614187116264784,753949,93.0,1,1,52896.0,0.53,34.11,1.5,5.3
2017-05-18,150.57,153.33,150.43,152.38,49630,67.68477243960163,-0.14799618474852316,803579,94.0,1,1,52896.0,0.53,34.11,1.5,5.3
2017-05-19,153.85,153.97,152.6,152.99,42010,64.31696645600397,-0.02221472548961989,845589,95.0,1,1,52896.0,0.53,34.11,1.5,5.3
2017-05-22,153.48,154.56,152.87,153.99,37744,62.97929340849481,0.0205105028743664,883333,96.0,1,0,52896.0,0.53,34.11,1.5,5.3
2017-05-23,154.75,154.97,153.29,153.7,38850,62.55319148936177,0.09121600644893446,844483,97.0,1,0,52896.0,0.53,34.11,1.5,5.3
2017-05-24,153.7,154.14,152.66,153.3,39378,62.55319148936177,0.18256454841495318,805105,98.0,1,1,52896.0,0.53,34.11,1.5,5.3
2017-05-25,153.7,154.33,153.01,153.78,41312,55.709342560553615,0.22548745971206063,846417,99.0,1,0,52896.0,0.53,34.11,1.5,5.3
2017-05-26,153.3,154.21,153.18,153.56,40587,45.844504021447655,0.27996646706957673,805830,100.0,1,1,52896.0,0.53,34.11,1.5,5.3
2017-05-30,153.3,154.42,153.18,153.6,39120,62.135407459784226,0.3216020391685728,844950,101.0,1,0,52896.0,0.53,34.11,1.5,5.3
2017-05-31,154.04,154.17,152.35,152.87,45680,63.658315725928084,0.40141159441619045,799270,102.0,1,1,52896.0,0.53,34.11,1.5,5.3
2017-06-01,153.3,153.32,152.18,153.07,42499,40.78624078624067,0.44069878841197774,841769,103.0,1,1,52896.0,0.53,34.11,1.5,5.3
2017-06-02,153.38,155.44,152.86,155.34,46387,36.94790290046599,0.31942084600990395,888156,104.0,1,0,52896.0,0.53,34.11,1.5,5.3
2017-06-05,154.2,154.48,153.45,153.92,46287,34.40414507772023,0.3386205316871833,841869,105.0,1,1,52896.0,0.53,34.11,1.5,5.3
2017-06-06,153.37,155.79,153.37,154.43,46544,31.146928869251397,0.32092251803580885,888413,106.0,1,1,52896.0,0.53,34.11,1.5,5.3
2017-06-07,154.85,155.96,154.48,155.2,46120,32.517321016166264,0.26370146046551346,934533,107.0,1,0,52896.0,0.53,34.11,1.5,5.3
2017-06-08,155.64,155.73,154.38,154.82,44742,26.344086021505376,0.2574970314671887,889791,108.0,1,0,52896.0,0.53,34.11,1.5,5.3
2017-06-09,155.15,155.2,146.0,148.62,60167,26.81251589926221,0.6544259989196748,829624,109.0,0,0,52896.0,0.53,34.11,1.5,5.3
2017-06-12,145.68,147.1,142.52,145.31,65695,25.055009534985984,1.0972988792465324,763929,1.0,0,1,52896.0,0.53,34.11,1.5,5.3
2017-06-13,146.87,147.42,145.12,146.63,56188,27.279936558286977,1.2477756362997827,820117,2.0,0,0,52896.0,0.53,34.11,1.5,5.3
2017-06-14,146.87,147.49,143.82,145.06,57951,29.386682242990545,1.3886850430424071,762166,3.0,0,0,52896.0,0.53,34.11,1.5,5.3
2017-06-15,143.15,144.47,142.19,144.28,56620,30.063244594793304,1.4626300674863781,705546,4.0,0,0,52896.0,0.53,34.11,1.5,5.3
2017-06-16,144.4,144.48,142.17,142.23,55387,32.05101400794479,1.5684415973165002,650159,5.0,0,1,52896.0,0.53,34.11,1.5,5.3
2017-06-19,143.69,146.74,143.34,146.31,54019,45.15842463725205,1.2939025452612156,704178,6.0,0,0,52896.0,0.53,34.11,1.5,5.3
2017-06-20,146.48,146.87,144.9,144.99,52303,43.07233641926883,1.1370252268436025,651875,7.0,0,1,52896.0,0.53,34.11,1.5,5.3
2017-06-21,145.25,146.06,144.58,145.8,49817,50.58742225293714,0.9235966374222679,701692,8.0,0,0,52896.0,0.53,34.11,1.5,5.3
2017-06-22,145.82,146.68,145.09,145.56,47275,52.163315051797696,0.7508145696949471,654417,9.0,0,1,52896.0,0.53,34.11,1.5,5.3
2017-06-23,145.41,147.15,145.07,146.26,48355,51.693667157584635,0.5508666135434237,702772,10.0,0,0,52896.0,0.53,34.11,1.5,5.3
2017-06-26,147.03,148.27,145.36,145.86,52757,55.35633840886553,0.41331710083642603,650015,11.0,0,0,52896.0,0.53,34.11,1.5,5.3
2017-06-27,145.21,146.14,143.47,143.59,54118,56.709068526877275,0.44048529442841544,595897,12.0,0,1,52896.0,0.53,34.11,1.5,5.3
2017-06-28,144.08,146.1,143.14,145.8,48946,60.03385367688548,0.282564064624764,644843,13.0,0,0,52896.0,0.53,34.11,1.5,5.3
2017-06-29,145.13,145.29,142.27,143.44,65488,60.03385367688548,0.30791356482014787,579355,14.0,0,1,52896.0,0.53,34.11,1.5,5.3
2017-06-30,143.9,144.95,143.31,144.03,49323,57.48963883955002,0.25784083978566663,628678,15.0,0,0,45408.0,0.42,34.33,1.61,5.36
2017-07-03,144.5,145.29,143.08,143.54,30255,61.76903660075727,0.23145522562937915,598423,16.0,0,1,45408.0,0.42,34.33,1.61,5.36
2017-07-05,143.95,144.78,142.69,143.91,49173,55.47815072830911,0.16588868700920645,647596,17.0,0,0,45408.0,0.42,34.33,1.61,5.36
2017-07-06,142.93,143.46,142.4,142.49,54634,55.47815072830911,0.19305693465384377,592962,18.0,0,1,45408.0,0.42,34.33,1.61,5.36
2017-07-07,142.9,144.74,142.74,144.15,47238,52.888031671911435,0.0799269249590715,640200,19.0,0,1,45408.0,0.42,34.33,1.61,5.36
2017-07-10,144.48,145.94,143.35,144.99,46662,48.48075624577983,-0.06306053765947306,686862,20.0,0,1,45408.0,0.42,34.33,1.61,5.36
2017-07-11,144.35,145.84,144.31,145.47,46530,46.764346764346676,-0.19414834757412125,733392,21.0,0,0,45408.0,0.42,34.33,1.61,5.36
2017-07-12,145.59,146.23,144.79,145.38,45922,61.697815807250535,-0.27408727436808866,687470,22.0,1,1,45408.0,0.42,34.33,1.61,5.36
2017-07-13,145.4,148.48,145.38,147.76,50139,70.0197238658777,-0.4747814707944058,737609,1.0,1,1,45408.0,0.42,34.33,1.61,5.36
2017-07-14,147.45,149.32,147.31,149.03,45163,71.22093023255827,-0.6687222795518732,782772,2.0,1,1,45408.0,0.42,34.33,1.61,5.36
2017-07-17,149.15,150.86,148.54,149.73,46115,70.21063189568717,-0.8103632763665483,828887,3.0,1,1,45408.0,0.42,34.33,1.61,5.36
2017-07-18,149.21,150.13,148.64,150.13,46938,85.37859007832894,-0.890806428195734,875825,4.0,1,1,45408.0,0.42,34.33,1.61,5.36
2017-07-19,150.24,151.41,149.92,150.77,43243,49.946466809421814,-0.9419609047171686,919068,5.0,1,0,45408.0,0.42,34.33,1.61,5.36
2017-07-20,151.35,151.72,150.16,150.34,42823,50.242326332794846,-0.9016443850577773,876245,6.0,1,0,45408.0,0.42,34.33,1.61,5.36
2017-07-21,150.0,150.43,148.85,150.3,41510,51.90023752969121,-0.8289429346118129,834735,7.0,1,1,45408.0,0.42,34.33,1.61,5.36
2017-07-24,150.22,152.43,149.99,151.7,45682,48.843930635838106,-0.8297624743865382,880417,8.0,1,1,45408.0,0.42,34.33,1.61,5.36
2017-07-25,152.36,153.83,151.73,152.73,46522,52.006420545746266,-0.8511168527287484,926939,9.0,1,1,45408.0,0.42,34.33,1.61,5.36
2017-07-26,153.22,153.92,153.02,153.52,42823,49.61472602739723,-0.8669665314731425,969762,10.0,1,0,45408.0,0.42,34.33,1.61,5.36
2017-07-27,154.01,154.36,147.33,150.34,62237,48.13378574890934,-0.6232029873526045,907525,11.0,1,0,45408.0,0.42,34.33,1.61,5.36
2017-07-28,149.4,150.22,149.16,149.46,55956,48.55769230769229,-0.3748576135786311,851569,12.0,1,0,45408.0,0.42,34.33,1.61,5.36
2017-07-31,149.98,150.31,148.1,148.68,54659,50.14560279557368,-0.14218650266175603,796910,13.0,1,1,45408.0,0.42,34.33,1.61,5.36
2017-08-01,148.92,158.53,148.37,157.81,58919,62.61913166254854,-0.5636456967798704,855829,14.0,1,0,45408.0,0.42,34.33,1.61,5.36
2017-08-02,159.92,159.96,156.14,157.14,70002,46.734279918864125,-0.7463097381302062,785827,15.0,1,0,45408.0,0.42,34.33,1.61,5.36
2017-08-03,156.76,157.14,155.01,155.63,57024,47.91158968546331,-0.7144182246079922,728803,16.0,1,1,45408.0,0.42,34.33,1.61,5.36
2017-08-04,155.86,157.34,155.65,156.31,55676,47.87614132592304,-0.6878516318754089,784479,17.0,1,1,45408.0,0.42,34.33,1.61,5.36
2017-08-07,156.9,158.91,156.63,158.72,50190,51.212909390095035,-0.7748520664206278,834669,18.0,1,1,45408.0,0.42,34.33,1.61,5.36
2017-08-08,158.59,161.8,158.24,159.77,61133,57.329933943678355,-0.8399153395765038,895802,19.0,1,1,45408.0,0.42,34.33,1.61,5.36
2017-08-09,159.0,161.26,158.85,161.13,61740,51.69417897480452,-0.9056872395033313,957542,20.0,1,0,45408.0,0.42,34.33,1.61,5.36
2017-08-10,160.29,160.38,154.59,155.02,68867,52.218430034129746,-0.4896732281462919,888675,21.0,1,1,45408.0,0.42,34.33,1.61,5.36
2017-08-11,155.32,158.56,155.29,157.45,55546,56.53661875427791,-0.3373800679117642,944221,22.0,1,1,45408.0,0.42,34.33,1.61,5.36
2017-08-14,159.0,160.2,158.72,159.9,56513,55.861309851403476,-0.3588728830075736,1000734,23.0,1,1,45408.0,0.42,34.33,1.61,5.36
2017-08-15,160.42,162.18,160.11,161.48,60404,59.943154902889674,-0.43182538034978624,1061138,24.0,1,0,45408.0,0.42,34.33,1.61,5.36
2017-08-16,161.71,162.5,160.17,160.91,62534,62.399087028192255,-0.39501532452632704,998604,25.0,1,0,45408.0,0.42,34.33,1.61,5.36
2017-08-17,160.33,160.69,157.79,158.04,69718,62.399087028192255,-0.14365692417597975,928886,26.0,1,0,45408.0,0.42,34.33,1.61,5.36
2017-08-18,158.53,159.46,156.69,157.52,66517,62.399087028192255,0.079355512552711,862369,27.0,1,0,45408.0,0.42,34.33,1.61,5.36
2017-08-21,157.59,157.87,155.09,157.07,52270,51.81975736568459,0.26826246425968225,810099,28.0,1,1,45408.0,0.42,34.33,1.61,5.36
2017-08-22,158.0,159.99,157.72,159.85,52580,68.81419234360412,0.2191474655746708,862679,29.0,1,0,45408.0,0.42,34.33,1.61,5.36
2017-08-23,158.97,160.45,158.75,159.8,56906,68.81419234360412,0.20352411622617916,805773,30.0,1,0,45408.0,0.42,34.33,1.61,5.36
2017-08-24,160.58,160.73,158.52,159.25,63749,73.38204592901877,0.24115664490917865,742024,31.0,1,1,45408.0,0.42,34.33,1.61,5.36
2017-08-25,159.89,160.55,159.23,159.85,57482,67.08193579300425,0.2362562087010902,799506,32.0,1,1,45408.0,0.42,34.33,1.61,5.36
2017-08-28,160.19,161.99,159.94,161.41,52075,67.81823013553006,0.14315039010907427,851581,33.0,1,1,45408.0,0.42,34.33,1.61,5.36
2017-08-29,160.08,163.11,159.85,163.0,61277,76.7787218322866,-0.0026008910882606706,912858,34.0,1,1,45408.0,0.42,34.33,1.61,5.36
2017-08-30,163.47,163.86,162.58,163.28,58745,67.05406771096507,-0.09010173777353181,971603,35.0,1,1,45408.0,0.42,34.33,1.61,5.36
2017-08-31,163.6,164.51,163.47,164.08,61510,62.65764380190716,-0.16948522673265654,1033113,36.0,1,0,45408.0,0.42,34.33,1.61,5.36
2017-09-01,164.64,164.91,163.6,163.99,54856,61.40995656531909,-0.1824354875493519,978257,37.0,1,0,45408.0,0.42,34.33,1.61,5.36
2017-09-05,163.23,164.22,160.54,162.22,59793,56.600966902194166,-0.045438331327861015,918464,38.0,1,0,45408.0,0.42,34.33,1.61,5.36
2017-09-06,162.57,162.97,160.49,161.6,58607,53.86657228809065,0.10507459338077574,859857,39.0,1,0,45408.0,0.42,34.33,1.61,5.36
2017-09-07,161.75,162.2,160.34,161.16,60752,53.86657228809065,0.24444213796923453,799105,40.0,1,0,45408.0,0.42,34.33,1.61,5.36
2017-09-08,161.09,161.14,158.5,158.61,59161,53.453523764926295,0.5036162348162896,739944,41.0,1,1,45408.0,0.42,34.33,1.61,5.36
2017-09-11,160.53,162.03,159.87,161.35,60039,57.242057395686096,0.4855531382931284,799983,42.0,1,0,45408.0,0.42,34.33,1.61,5.36
2017-09-12,162.62,163.92,158.78,160.82,67329,50.09264160931709,0.5022471241743585,732654,43.0,1,0,45408.0,0.42,34.33,1.61,5.36
2017-09-13,160.2,160.2,157.9,159.59,61638,47.46622584506636,0.5833786915068786,671016,44.0,1,0,45408.0,0.42,34.33,1.61,5.36
2017-09-14,158.9,159.39,158.06,158.13,56041,45.22348340846139,0.7139938603413147,614975,45.0,1,1,45408.0,0.42,34.33,1.61,5.36
2017-09-15,158.5,160.96,157.97,159.85,59765,49.87738064179495,0.664209821584822,674740,46.0,1,0,45408.0,0.42,34.33,1.61,5.36
2017-09-18,160.07,160.47,157.97,158.6,60937,48.094435075885336,0.6919894089988496,613803,47.0,1,1,45408.0,0.42,34.33,1.61,5.36
2017-09-19,159.41,159.76,158.43,158.68,61971,40.357456315327575,0.6804734460479149,675774,48.0,0,0,45408.0,0.42,34.33,1.61,5.36
2017-09-20,158.42,158.42,153.8,156.05,63684,47.66911327117637,0.8163264115333638,612090,1.0,0,0,45408.0,0.42,34.33,1.61,5.36
2017-09-21,155.99,156.05,152.73,153.26,68622,50.801939574785486,1.0457759826081172,543468,2.0,0,0,45408.0,0.42,34.33,1.61,5.36
2017-09-22,152.25,152.85,150.53,151.72,68131,51.28012048192767,1.239706352360324,475337,3.0,0,0,45408.0,0.42,34.33,1.61,5.36
2017-09-25,149.94,151.8,149.16,150.75,73261,50.83275017494746,1.362006214487731,402076,4.0,0,1,45408.0,0.42,34.33,1.61,5.36
2017-09-26,151.7,153.9,151.66,153.2,67588,55.38827258320122,1.2116376033610743,469664,5.0,0,1,45408.0,0.42,34.33,1.61,5.36
2017-09-27,153.53,154.71,153.3,154.1,69471,52.855468095796326,0.9944040584627528,539135,6.0,0,0,45408.0,0.42,34.33,1.61,5.36
2017-09-28,153.7,154.2,152.67,153.31,63818,55.65156057132776,0.8522340137057005,475317,7.0,0,1,45408.0,0.42,34.33,1.61,5.36
2017-09-29,152.9,154.11,151.97,153.99,52825,48.11223437177641,0.6688107257681648,528142,8.0,0,0,45408.0,0.42,34.33,1.61,5.36
2017-10-02,154.31,154.43,152.69,153.71,57262,55.629770992366474,0.5288866583939782,470880,9.0,0,1,52579.0,0.52,36.89,1.8,5.64
2017-10-03,153.8,155.08,153.78,154.5,49495,62.4191810344829,0.35407177061210193,520375,10.0,0,0,52579.0,0.52,36.89,1.8,5.64
2017-10-04,153.52,153.85,152.45,153.49,53166,67.19837587006973,0.2806168715168216,467209,11.0,0,1,52579.0,0.52,36.89,1.8,5.64
2017-10-05,154.11,155.42,153.85,155.34,58989,70.68062827225143,0.09138497571843374,526198,12.0,0,0,52579.0,0.52,36.89,1.8,5.64
2017-10-06,154.79,155.48,154.5,155.29,53150,70.68062827225143,-0.039448573563112266,473048,13.0,0,1,52579.0,0.52,36.89,1.8,5.64
2017-10-09,155.85,156.71,155.48,155.7,50368,71.65991902834016,-0.15608687384365583,523416,14.0,0,0,52579.0,0.52,36.89,1.8,5.64
2017-10-10,156.02,156.55,155.07,155.69,56510,72.39263803680986,-0.23055432225968997,466906,15.0,1,1,52579.0,0.52,36.89,1.8,5.64
2017-10-11,155.79,156.96,155.72,156.47,50341,55.15789473684212,-0.3245766654937464,517247,1.0,1,0,52579.0,0.52,36.89,1.8,5.64
2017-10-12,156.28,157.35,155.69,155.81,52476,52.44078727899479,-0.33328961958842074,464771,2.0,1,1,52579.0,0.52,36.89,1.8,5.64
2017-10-13,156.34,157.27,156.31,157.0,50769,55.88883987648882,-0.40537859743899995,515540,3.0,1,1,52579.0,0.52,36.89,1.8,5.64
2017-10-16,158.21,159.99,157.23,159.89,53899,57.596601254299046,-0.6209775045086329,569439,4.0,1,1,52579.0,0.52,36.89,1.8,5.64
2017-10-17,159.68,160.86,159.21,160.38,49049,58.74306839186694,-0.7606458774885616,618488,5.0,1,0,52579.0,0.52,36.89,1.8,5.64
2017-10-18,160.74,160.86,159.57,159.69,33286,55.1863857374393,-0.7683623066948183,585202,6.0,0,0,52579.0,0.52,36.89,1.8,5.64
2017-10-19,156.88,157.25,154.99,156.0,55015,56.55930871956015,-0.49976506133422705,530187,1.0,0,1,52579.0,0.52,36.89,1.8,5.64
2017-10-20,156.59,157.74,155.93,156.19,43108,49.30547583515097,-0.31853353922395833,573295,2.0,0,0,52579.0,0.52,36.89,1.8,5.64
2017-10-23,156.6,157.67,155.56,156.05,45027,50.231839258114405,-0.1797757843231537,528268,3.0,1,1,52579.0,0.52,36.89,1.8,5.64
2017-10-24,156.2,157.41,156.17,156.81,41817,44.50915141430946,-0.13193982671237903,570085,1.0,1,0,52579.0,0.52,36.89,1.8,5.64
2017-10-25,157.21,157.53,155.23,156.47,50036,41.81206380857425,-0.07309938238498398,520049,2.0,1,1,52579.0,0.52,36.89,1.8,5.64
2017-10-26,156.99,157.8,156.76,157.74,45713,43.3224755700325,-0.11302588276432943,565762,3.0,1,1,52579.0,0.52,36.89,1.8,5.64
2017-10-27,159.54,163.59,158.67,163.0,57992,55.13536742587015,-0.467139447309725,623754,4.0,1,1,52579.0,0.52,36.89,1.8,5.64
2017-10-30,163.63,168.06,163.63,166.75,57401,56.333242729002365,-0.9021867810034495,681155,5.0,1,1,52579.0,0.52,36.89,1.8,5.64
2017-10-31,167.82,169.63,166.94,168.88,49074,69.78690279264364,-1.2597150515856346,730229,6.0,1,0,52579.0,0.52,36.89,1.8,5.64
2017-11-01,169.37,169.91,165.59,167.07,55431,70.2421060879102,-1.295600911613682,674798,7.0,1,1,52579.0,0.52,36.89,1.8,5.64
2017-11-02,167.89,174.3,165.24,173.61,57431,70.81584230699016,-1.6579309002008977,732229,8.0,1,0,52579.0,0.52,36.89,1.8,5.64
2017-11-03,175.39,175.81,171.09,172.45,53306,71.45193318537551,-1.710701036289142,678923,9.0,1,1,52579.0,0.52,36.89,1.8,5.64
2017-11-06,172.61,174.97,171.7,174.1,50479,65.32282509851467,-1.7421073578963537,729402,10.0,1,1,52579.0,0.52,36.89,1.8,5.64
2017-11-07,174.19,175.23,173.58,174.71,49954,62.34476106265822,-1.6881358977665357,779356,11.0,1,1,52579.0,0.52,36.89,1.8,5.64
2017-11-08,174.37,176.7,174.3,176.66,35947,61.84996518488653,-1.6651486375398976,815303,12.0,1,0,52579.0,0.52,36.89,1.8,5.64
2017-11-09,174.92,176.08,173.11,175.89,49845,64.81945667637692,-1.4854074475606556,765458,13.0,1,0,52579.0,0.52,36.89,1.8,5.64
2017-11-10,175.29,175.37,174.24,174.64,43505,67.20989041865687,-1.1828202387552054,721953,14.0,1,0,52579.0,0.52,36.89,1.8,5.64
2017-11-13,173.9,174.49,173.31,173.86,42039,70.13930950938818,-0.8463960621698616,679914,15.0,1,0,52579.0,0.52,36.89,1.8,5.64
2017-11-14,173.71,173.71,170.39,171.05,49961,70.13930950938818,-0.37492047557838326,629953,16.0,1,0,52579.0,0.52,36.89,1.8,5.64
2017-11-15,170.42,170.45,168.36,169.22,51595,71.55933311539717,0.09480039815990349,578358,17.0,1,1,52579.0,0.52,36.89,1.8,5.64
2017-11-16,170.57,171.86,170.27,171.15,47380,68.93221912720523,0.29862742225994854,625738,18.0,1,0,52579.0,0.52,36.89,1.8,5.64
2017-11-17,170.87,171.38,169.61,170.02,45721,67.574144486692,0.5197138021957421,580017,19.0,1,0,52579.0,0.52,36.89,1.8,5.64
2017-11-20,170.52,170.6,169.52,169.89,39962,63.70258728962576,0.6750261019357513,540055,20.0,1,1,52579.0,0.52,36.89,1.8,5.64
2017-11-21,170.58,173.69,170.48,173.0,43449,63.388197511039806,0.5726630032716757,583504,21.0,1,1,52579.0,0.52,36.89,1.8,5.64
2017-11-22,173.5,174.99,173.02,174.9,45109,56.05832076420322,0.3900741580659921,628613,22.0,1,1,52579.0,0.52,36.89,1.8,5.64
2017-11-24,175.18,175.45,174.62,174.94,26464,51.16858042881823,0.28458477492924317,655077,23.0,1,0,52579.0,0.52,36.89,1.8,5.64
2017-11-27,174.62,175.01,173.29,174.08,53858,56.71819262782403,0.28973703989770483,601219,24.0,1,0,52579.0,0.52,36.89,1.8,5.64
2017-11-28,174.31,174.85,171.86,172.98,53547,61.98041181460629,0.3786231261647486,547672,25.0,1,0,52579.0,0.52,36.89,1.8,5.64
2017-11-29,172.99,173.02,167.13,169.19,72978,61.431644826911814,0.6861389508860682,474694,26.0,1,1,52579.0,0.52,36.89,1.8,5.64
2017-11-30,170.68,172.12,168.42,171.64,66875,65.88262692128548,0.7147811007480018,541569,27.0,1,0,52579.0,0.52,36.89,1.8,5.64
2017-12-01,170.47,171.65,168.49,170.96,65219,63.533771264948655,0.7652493220996033,476350,28.0,1,0,52579.0,0.52,36.89,1.8,5.64
2017-12-04,172.32,172.58,169.23,169.56,65677,63.68274930592038,0.8709566346112725,410673,29.0,1,0,52579.0,0.52,36.89,1.8,5.64
2017-12-05,169.65,171.51,168.38,169.56,70540,59.370409233997975,0.9144155716166984,410673,30.0,1,0,52579.0,0.52,36.89,1.8,5.64
2017-12-06,168.05,170.19,166.44,168.79,59476,59.370409233997975,0.9636357066005514,351197,31.0,1,1,52579.0,0.52,36.89,1.8,5.64
2017-12-07,169.62,170.43,168.79,169.37,59329,54.98468866961557,0.9255364812034339,410526,32.0,1,0,52579.0,0.52,36.89,1.8,5.64
2017-12-08,169.86,170.98,168.79,169.31,49427,54.97667185069998,0.8734382167138366,361099,33.0,1,1,52579.0,0.52,36.89,1.8,5.64
2017-12-11,169.39,172.88,168.77,172.67,53369,65.63396442914532,0.5950495502096489,414468,34.0,1,0,52579.0,0.52,36.89,1.8,5.64
2017-12-12,172.4,172.49,171.43,171.65,43289,64.69902912621365,0.4675851668402269,371179,35.0,1,1,52579.0,0.52,36.89,1.8,5.64
2017-12-13,171.62,173.52,171.62,172.31,49072,60.590892442925096,0.3331196974598727,420251,36.0,1,1,52579.0,0.52,36.89,1.8,5.64
2017-12-14,172.41,173.12,171.63,172.35,49940,66.85976020476892,0.24012268949332594,470191,37.0,1,1,52579.0,0.52,36.89,1.8,5.64
2017-12-15,172.55,174.13,172.38,173.85,52954,49.94186046511625,0.08427128923620453,523145,38.0,1,1,52579.0,0.52,36.89,1.8,5.64
2017-12-18,175.0,177.18,174.77,176.39,49335,51.56756756756758,-0.16936848016782258,572480,39.0,1,0,52579.0,0.52,36.89,1.8,5.64
2017-12-19,174.88,175.36,174.06,174.33,49380,51.56756756756758,-0.17705661045837662,523100,40.0,1,0,52579.0,0.52,36.89,1.8,5.64
2017-12-20,175.01,175.41,173.24,174.26,42631,44.76534296028888,-0.15677759690083581,480469,41.0,1,1,52579.0,0.52,36.89,1.8,5.64
2017-12-21,174.5,176.01,174.02,175.15,43033,43.878954607978116,-0.18094000820185374,523502,42.0,1,0,52579.0,0.52,36.89,1.8,5.64
2017-12-22,174.7,175.4,174.54,175.03,38431,46.076071256620175,-0.16682257076889373,485071,43.0,1,0,52579.0,0.52,36.89,1.8,5.64
2017-12-26,170.52,171.43,169.64,170.52,46275,49.406298399587044,0.15108764139144415,438796,44.0,1,1,52579.0,0.52,36.89,1.8,5.64
2017-12-27,170.63,170.74,169.69,170.56,38295,46.17972128784241,0.3520291709966976,477091,45.0,1,1,52579.0,0.52,36.89,1.8,5.64
2017-12-28,170.85,171.83,170.45,170.67,31425,46.55799738029393,0.4638537272581944,508516,46.0,0,0,52579.0,0.52,36.89,1.8,5.64
2017-12-29,170.93,170.95,169.21,169.27,39838,49.4856524093124,0.6092669189822552,468678,1.0,1,1,52579.0,0.52,36.89,1.8,5.64
2018-01-02,169.99,172.24,169.25,172.09,41108,50.86177762757685,0.4974108330392466,509786,1.0,1,0,88293.0,0.97,40.65,1.9,5.89
2018-01-03,172.5,174.54,171.83,171.85,43686,47.25274725274729,0.4243153802248968,466100,2.0,1,1,88293.0,0.97,40.65,1.9,5.89
2018-01-04,172.75,173.46,172.07,173.16,41074,49.071618037135345,0.2794616462593239,507174,3.0,1,1,88293.0,0.97,40.65,1.9,5.89
2018-01-05,173.54,175.21,173.03,174.95,43982,51.1786600496279,0.06595525569740857,551156,4.0,1,0,88293.0,0.97,40.65,1.9,5.89
2018-01-08,174.53,175.57,173.91,174.17,40778,66.88256829062257,-0.015527861558014555,510378,5.0,1,0,88293.0,0.97,40.65,1.9,5.89
2018-01-09,174.6,175.04,173.37,174.02,47565,65.66037735849076,-0.05015960623741322,462813,6.0,1,1,88293.0,0.97,40.65,1.9,5.89
2018-01-10,173.15,174.28,172.97,174.08,49174,63.47197106690792,-0.06689775047860724,511987,7.0,1,1,88293.0,0.97,40.65,1.9,5.89
2018-01-11,174.63,175.47,174.37,175.24,41227,64.14967510643075,-0.14159004813625764,553214,8.0,1,1,88293.0,0.97,40.65,1.9,5.89
2018-01-12,176.31,177.33,175.58,176.98,48792,67.0378619153675,-0.2853829253842314,602006,9.0,1,0,88293.0,0.97,40.65,1.9,5.89
2018-01-16,178.27,179.38,176.12,176.19,64553,57.515923566878975,-0.30283971211427285,537453,10.0,1,1,88293.0,0.97,40.65,1.9,5.89
2018-01-17,175.3,179.24,175.05,179.13,58689,55.62267657992565,-0.4775460243159009,596142,11.0,1,0,88293.0,0.97,40.65,1.9,5.89
2018-01-18,179.08,180.09,178.22,178.85,54887,58.426293736736156,-0.5350735975995364,541255,12.0,1,0,88293.0,0.97,40.65,1.9,5.89
2018-01-19,178.81,179.55,177.39,178.45,49192,55.32844437509754,-0.5072624563861621,492063,13.0,1,0,88293.0,0.97,40.65,1.9,5.89
2018-01-22,177.38,177.77,176.6,177.09,44262,53.953441192879225,-0.3649994571781152,447801,14.0,1,0,88293.0,0.97,40.65,1.9,5.89
2018-01-23,177.59,179.43,176.49,176.65,54763,52.70555165144058,-0.2163382552944655,393038,15.0,1,0,88293.0,0.97,40.65,1.9,5.89
2018-01-24,177.59,177.9,173.18,174.18,65992,52.70555165144058,0.058583086413132035,327046,16.0,0,0,88293.0,0.97,40.65,1.9,5.89
2018-01-25,174.9,175.04,170.51,171.3,64700,42.98490776970368,0.4242617261399082,262346,1.0,0,1,88293.0,0.97,40.65,1.9,5.89
2018-01-26,172.08,172.3,170.03,171.4,59291,33.63057324840756,0.6365121869844341,321637,2.0,0,0,88293.0,0.97,40.65,1.9,5.89
2018-01-29,170.29,170.31,167.04,167.9,56798,33.63057324840756,0.9697631675348826,264839,3.0,0,0,88293.0,0.97,40.65,1.9,5.89
2018-01-30,166.01,167.36,164.69,167.05,64970,30.762060125844712,1.1900582670572393,199869,4.0,0,0,88293.0,0.97,40.65,1.9,5.89
2018-01-31,166.55,168.43,166.33,166.56,56353,33.697782362042176,1.3023198330438732,143516,5.0,0,1,88293.0,0.97,40.65,1.9,5.89
2018-02-01,167.13,169.61,162.62,169.38,65705,38.167938931297606,1.1267784188070256,209221,6.0,0,0,88293.0,0.97,40.65,1.9,5.89
2018-02-02,167.29,167.4,160.07,160.4,76020,36.68614357262097,1.5305301203472066,133201,7.0,0,0,88293.0,0.97,40.65,1.9,5.89
2018-02-05,158.7,163.85,155.64,156.0,74545,35.92612460724955,1.9804329046974756,58656,8.0,0,1,88293.0,0.97,40.65,1.9,5.89
2018-02-06,154.49,163.7,153.97,162.8,76674,47.577092511013205,1.7164060043252753,135330,9.0,0,0,88293.0,0.97,40.65,1.9,5.89
2018-02-07,162.54,163.03,158.73,158.86,74000,47.577092511013205,1.7002322080113317,61330,10.0,0,0,88293.0,0.97,40.65,1.9,5.89
2018-02-08,160.47,160.99,155.02,156.03,75003,50.613702298594035,1.7655430127759724,-13673,11.0,0,1,88293.0,0.97,40.65,1.9,5.89
2018-02-09,156.27,157.87,150.22,156.08,71416,43.71923544077223,1.6906841851172265,57743,12.0,0,1,88293.0,0.97,40.65,1.9,5.89
2018-02-12,158.86,163.88,156.98,162.83,73980,50.75491573033709,1.1004622120102843,131723,13.0,0,1,88293.0,0.97,40.65,1.9,5.89
2018-02-13,162.01,164.74,161.38,164.19,69789,48.17551963048498,0.5596300467009758,201512,14.0,0,1,88293.0,0.97,40.65,1.9,5.89
2018-02-14,164.47,167.86,161.79,167.84,70179,57.82452999104744,-0.06931218835251096,271691,15.0,1,1,88293.0,0.97,40.65,1.9,5.89
2018-02-15,169.04,173.16,168.84,173.09,73189,67.77766487145615,-0.8224602025172079,344880,1.0,1,0,88293.0,0.97,40.65,1.9,5.89
2018-02-16,172.44,174.81,171.75,172.45,69760,70.25983146067415,-1.236216136288307,275120,2.0,1,0,88293.0,0.97,40.65,1.9,5.89
2018-02-20,171.73,174.25,171.39,171.72,65008,76.8521719092061,-1.4069967430593135,210112,3.0,1,0,88293.0,0.97,40.65,1.9,5.89
2018-02-21,173.06,174.11,170.5,170.8,63309,75.36297384328573,-1.4012003341635282,146803,4.0,1,1,88293.0,0.97,40.65,1.9,5.89
2018-02-22,171.6,173.94,171.53,172.88,63028,74.83699728809651,-1.4732921025032126,209831,5.0,1,1,88293.0,0.97,40.65,1.9,5.89
2018-02-23,173.5,175.64,173.22,175.54,55876,74.15473968056423,-1.6240798160632868,265707,6.0,1,1,88293.0,0.97,40.65,1.9,5.89
2018-02-26,176.26,179.37,176.21,178.97,58679,77.21793635486979,-1.8617260771052204,324386,7.0,1,0,88293.0,0.97,40.65,1.9,5.89
2018-02-27,178.49,180.46,178.12,178.35,71592,73.42535234690057,-1.8786509945037009,252794,8.0,1,1,88293.0,0.97,40.65,1.9,5.89
2018-02-28,179.01,180.61,178.02,178.44,67677,71.13786875376276,-1.797373533334405,320471,9.0,1,0,88293.0,0.97,40.65,1.9,5.89
2018-03-01,177.8,179.76,172.65,175.12,70450,69.6657036731325,-1.4370906111221846,250021,10.0,1,1,88293.0,0.97,40.65,1.9,5.89
2018-03-02,172.28,176.29,172.24,176.19,73554,68.85194479297363,-1.197703221247182,323575,11.0,1,1,88293.0,0.97,40.65,1.9,5.89
2018-03-05,175.5,177.73,174.49,176.61,61847,58.67346938775505,-1.002428602058456,385422,12.0,1,0,88293.0,0.97,40.65,1.9,5.89
2018-03-06,177.93,178.24,176.12,176.54,64099,59.70547433571659,-0.8114842383182217,321323,13.0,1,0,88293.0,0.97,40.65,1.9,5.89
2018-03-07,175.47,175.82,174.23,174.85,60650,57.66273705791902,-0.5280294617598369,260673,14.0,1,1,88293.0,0.97,40.65,1.9,5.89
2018-03-08,175.29,177.1,175.05,176.85,61223,53.119349005424944,-0.4357338119799985,321896,15.0,1,1,88293.0,0.97,40.65,1.9,5.89
2018-03-09,176.56,179.97,176.53,179.97,60230,52.104920658757614,-0.5385739479484397,382126,16.0,1,1,88293.0,0.97,40.65,1.9,5.89
2018-03-12,180.38,182.38,180.08,181.79,51257,54.53134572187057,-0.674139882220155,433383,17.0,1,0,88293.0,0.97,40.65,1.9,5.89
2018-03-13,181.74,183.48,179.21,179.66,70168,53.45076060848681,-0.5694948493418068,363215,18.0,1,0,88293.0,0.97,40.65,1.9,5.89
2018-03-14,180.5,180.8,177.79,178.05,68686,51.40143074938435,-0.35166309268137086,294529,19.0,1,1,88293.0,0.97,40.65,1.9,5.89
2018-03-15,178.03,180.19,178.02,178.82,55118,45.11918274687854,-0.22539171954328507,349647,20.0,1,0,88293.0,0.97,40.65,1.9,5.89
2018-03-16,178.52,179.1,177.61,177.89,54985,38.26544622425629,-0.05412423320016391,294662,21.0,1,0,88293.0,0.97,40.65,1.9,5.89
2018-03-19,177.25,177.43,173.62,175.68,69701,35.51223241590215,0.2181777903023825,224961,22.0,1,0,88293.0,0.97,40.65,1.9,5.89
2018-03-20,175.87,176.76,174.92,175.27,61313,39.576701367977286,0.42416271611373757,163648,23.0,0,0,88293.0,0.97,40.65,1.9,5.89
2018-03-21,175.0,175.24,171.22,171.4,61526,39.576701367977286,0.7976256638627401,102122,1.0,0,0,88293.0,0.97,40.65,1.9,5.89
2018-03-22,170.54,172.65,168.53,168.78,75237,41.66705493174302,1.1748930163314593,26885,2.0,0,0,88293.0,0.97,40.65,1.9,5.89
2018-03-23,169.04,169.91,164.97,164.98,77188,45.69159653905414,1.60739494241796,-50303,3.0,0,1,88293.0,0.97,40.65,1.9,5.89
2018-03-26,168.1,173.09,166.4,172.51,69091,56.29155380448164,1.3251266542650955,18788,4.0,0,0,88293.0,0.97,40.65,1.9,5.89
2018-03-27,173.51,175.13,167.0,168.4,76637,56.29155380448164,1.3494685884653372,-57849,5.0,0,0,88293.0,0.97,40.65,1.9,5.89
2018-03-28,167.91,169.99,165.19,166.68,79458,54.56043956043955,1.4091118971887302,-137307,6.0,0,1,88293.0,0.97,40.65,1.9,5.89
2018-03-29,167.92,171.74,166.86,168.12,71539,50.568678915135564,1.2828793540512666,-65768,7.0,0,0,88293.0,0.97,40.65,1.9,5.89
2018-04-02,167.36,168.93,164.44,166.49,74271,50.59740259740255,1.2397570328542136,-140039,8.0,0,1,61137.0,0.68,40.46,1.9,6.31
2018-04-03,167.77,168.72,164.86,168.38,65360,51.79741680982369,1.0235232982971858,-74679,9.0,0,1,61137.0,0.68,40.46,1.9,6.31
2018-04-04,164.87,171.99,164.72,171.43,70625,51.909476661951885,0.633760706583502,-4054,10.0,1,1,61137.0,0.68,40.46,1.9,6.31
2018-04-05,172.5,174.22,172.05,172.74,67409,54.866618601297795,0.26526385432221133,63355,1.0,0,0,61137.0,0.68,40.46,1.9,6.31
2018-04-06,170.52,172.47,168.17,168.3,72204,54.866618601297795,0.2957601464418169,-8849,1.0,0,1,61137.0,0.68,40.46,1.9,6.31
2018-04-09,170.07,173.03,169.49,169.99,70520,57.27349703640983,0.1828625692498309,61671,2.0,1,1,61137.0,0.68,40.46,1.9,6.31
2018-04-10,172.57,173.96,171.53,172.93,74765,61.63639186461729,-0.09418209023165547,136436,1.0,1,0,61137.0,0.68,40.46,1.9,6.31
2018-04-11,171.99,173.92,171.67,172.31,71086,53.750338478201954,-0.2321822787645833,65350,2.0,1,1,61137.0,0.68,40.46,1.9,6.31
2018-04-12,173.5,174.98,173.0,174.1,66840,43.50973138169533,-0.42906926815017,132190,3.0,1,1,61137.0,0.68,40.46,1.9,6.31
2018-04-13,174.54,175.83,173.82,174.73,69694,44.9944438832205,-0.5775377964770181,201884,4.0,1,1,61137.0,0.68,40.46,1.9,6.31
2018-04-16,175.48,176.24,174.81,175.92,62156,37.93631353337412,-0.7222971721220239,264040,5.0,1,1,61137.0,0.68,40.46,1.9,6.31
2018-04-17,176.77,178.93,176.4,178.21,63139,38.62039728682169,-0.9256963658879027,327179,6.0,1,0,61137.0,0.68,40.46,1.9,6.31
2018-04-18,178.23,178.81,176.86,177.84,61352,40.848964950302644,-0.983322504749493,265827,7.0,1,0,61137.0,0.68,40.46,1.9,6.31
2018-04-19,174.62,175.35,172.62,172.7,75780,41.61558901682901,-0.6399086121643776,190047,8.0,0,0,61137.0,0.68,40.46,1.9,6.31
2018-04-20,171.93,172.05,165.4,165.71,65075,41.61558901682901,0.05638823821114908,124972,1.0,0,0,61137.0,0.68,40.46,1.9,6.31
2018-04-23,166.83,166.95,164.06,165.12,74543,38.69877848046434,0.5288026899440129,50429,2.0,0,0,61137.0,0.68,40.46,1.9,6.31
2018-04-24,165.77,166.32,161.19,163.0,77669,36.455072612510875,0.9325630226876321,-27240,3.0,0,1,61137.0,0.68,40.46,1.9,6.31
2018-04-25,162.27,165.41,162.27,164.01,69350,35.862640493085365,1.0702517123592208,42110,4.0,0,1,61137.0,0.68,40.46,1.9,6.31
2018-04-26,163.96,165.7,163.34,164.8,63854,34.329466357308576,1.0455545480829964,105964,5.0,0,0,61137.0,0.68,40.46,1.9,6.31
2018-04-27,164.84,164.92,160.62,162.32,64304,34.01715777694889,1.1266724730253084,41660,6.0,0,1,61137.0,0.68,40.46,1.9,6.31
2018-04-30,163.07,167.24,161.8,165.35,64880,30.676425181542697,0.9156576681405793,106540,7.0,1,1,61137.0,0.68,40.46,1.9,6.31
2018-05-01,166.6,177.81,165.24,175.38,80051,46.010638297872354,0.08379085674137943,186591,1.0,1,1,61137.0,0.68,40.46,1.9,6.31
2018-05-02,176.42,177.74,173.77,176.36,69975,59.04113643089664,-0.5162472503524962,256566,2.0,1,1,61137.0,0.68,40.46,1.9,6.31
2018-05-03,175.74,177.48,174.42,176.92,77973,57.3682185455944,-0.9115445770532605,334539,3.0,1,1,61137.0,0.68,40.46,1.9,6.31
2018-05-04,178.75,184.23,178.07,183.81,76952,70.6239646604086,-1.5596804275163756,411491,4.0,1,1,61137.0,0.68,40.46,1.9,6.31
2018-05-07,184.91,187.66,184.72,185.0,68263,67.99999999999994,-1.9649987031566236,479754,5.0,1,1,61137.0,0.68,40.46,1.9,6.31
2018-05-08,184.52,186.2,183.65,185.89,74011,66.18836420558301,-2.1732522446221534,553765,6.0,1,1,61137.0,0.68,40.46,1.9,6.31
2018-05-09,186.62,187.48,185.18,187.36,69378,70.18828451882847,-2.279133397263995,623143,7.0,1,1,61137.0,0.68,40.46,1.9,6.31
2018-05-10,187.49,190.36,187.23,189.51,63571,72.33394879984036,-2.353500460254489,686714,8.0,1,0,61137.0,0.68,40.46,1.9,6.31
2018-05-11,189.44,190.04,187.42,188.57,62295,72.33394879984036,-2.201655973243494,624419,9.0,1,0,61137.0,0.68,40.46,1.9,6.31
2018-05-14,188.99,189.5,187.83,188.0,69203,75.03882657463335,-1.9345809243580705,555216,10.0,1,0,61137.0,0.68,40.46,1.9,6.31
2018-05-15,187.5,187.5,185.07,186.23,79625,76.14296081277217,-1.5282916092265602,475591,11.0,1,1,61137.0,0.68,40.46,1.9,6.31
2018-05-16,186.18,188.44,185.47,188.06,71436,78.87706763997835,-1.2823041503255608,547027,12.0,1,0,61137.0,0.68,40.46,1.9,6.31
2018-05-17,187.55,188.89,186.32,186.78,68242,78.87706763997835,-0.9482902934024215,478785,13.0,1,0,61137.0,0.68,40.46,1.9,6.31
2018-05-18,187.01,187.8,186.09,186.3,65890,79.35574978054275,-0.6255055395214066,412895,14.0,1,1,61137.0,0.68,40.46,1.9,6.31
2018-05-21,187.85,189.26,186.88,187.47,63055,71.97478991596643,-0.4305533717061225,475950,15.0,1,0,61137.0,0.68,40.46,1.9,6.31
2018-05-22,188.3,188.87,186.75,187.25,72401,73.7375582138618,-0.2362560361554964,403549,16.0,1,1,61137.0,0.68,40.46,1.9,6.31
2018-05-23,185.91,188.49,185.72,188.23,78658,74.89077487068757,-0.1285972454579345,482207,17.0,1,0,61137.0,0.68,40.46,1.9,6.31
2018-05-24,188.22,188.85,186.18,188.05,71769,66.0750853242321,-0.006563878749416663,410438,18.0,1,1,61137.0,0.68,40.46,1.9,6.31
2018-05-25,188.15,189.64,187.58,188.58,73638,69.76024748646572,0.07278642208440367,484076,19.0,1,0,61137.0,0.68,40.46,1.9,6.31
2018-05-29,188.0,188.73,186.85,188.01,86092,70.81000373273625,0.19125766546684275,397984,20.0,1,0,61137.0,0.68,40.46,1.9,6.31
2018-05-30,187.95,187.97,186.75,187.35,75197,74.27114863788448,0.3333463742341056,322787,21.0,1,0,61137.0,0.68,40.46,1.9,6.31
2018-05-31,187.72,188.22,186.11,186.83,81317,63.68771434335294,0.4730952911038191,241470,22.0,1,1,61137.0,0.68,40.46,1.9,6.31
2018-06-01,187.7,190.24,187.47,190.23,71619,72.37790232185748,0.3528082805639787,313089,23.0,1,1,61137.0,0.68,40.46,1.9,6.31
2018-06-04,191.53,193.4,191.25,191.88,59140,70.75491647282725,0.1867182225580124,372229,24.0,1,1,61137.0,0.68,40.46,1.9,6.31
2018-06-05,192.65,193.92,192.33,193.12,65652,66.38494045332305,0.026366090611065207,437881,25.0,1,1,61137.0,0.68,40.46,1.9,6.31
2018-06-06,193.85,194.03,191.92,193.84,64130,61.4847715736039,-0.08885860518683808,502011,26.0,1,0,61137.0,0.68,40.46,1.9,6.31
2018-06-07,193.86,194.16,192.31,193.24,74553,58.21130885334513,-0.08531618634193183,427458,27.0,1,0,61137.0,0.68,40.46,1.9,6.31
2018-06-08,191.28,191.99,189.77,191.49,66862,59.3023255813952,0.06606622584693822,360596,28.0,1,0,61137.0,0.68,40.46,1.9,6.31
2018-06-11,191.49,191.96,190.18,191.16,52538,52.59259259259251,0.21140450461911087,308058,29.0,1,1,61137.0,0.68,40.46,1.9,6.31
2018-06-12,191.23,192.61,191.12,192.27,51964,49.767441860465034,0.25295629540041764,360022,30.0,1,0,61137.0,0.68,40.46,1.9,6.31
2018-06-13,192.36,192.85,190.44,190.63,49712,50.733137829911996,0.4022005495871963,310310,31.0,1,1,61137.0,0.68,40.46,1.9,6.31
2018-06-14,191.32,191.52,190.19,190.8,53548,50.265957446808514,0.4946940551486172,363858,32.0,1,0,61137.0,0.68,40.46,1.9,6.31
2018-06-15,190.15,190.55,188.26,188.92,57104,49.492537313432855,0.6764673315247394,306754,33.0,1,0,61137.0,0.68,40.46,1.9,6.31
2018-06-18,187.58,189.21,187.17,188.7,54228,49.492537313432855,0.7971914552761223,252526,34.0,1,0,61137.0,0.68,40.46,1.9,6.31
2018-06-19,186.1,186.43,183.42,185.4,64002,50.175523544365106,1.0680640388032443,188524,35.0,1,1,61137.0,0.68,40.46,1.9,6.31
2018-06-20,186.6,187.19,185.7,186.48,53818,50.16059957173443,1.1368914781216528,242342,36.0,1,0,61137.0,0.68,40.46,1.9,6.31
2018-06-21,187.58,188.33,184.94,185.0,57895,38.59082094376218,1.2362549009389894,184447,37.0,1,0,61137.0,0.68,40.46,1.9,6.31
2018-06-22,186.19,186.27,184.79,184.98,53322,35.30373195314634,1.2535574276570867,131125,38.0,0,0,61137.0,0.68,40.46,1.9,6.31
2018-06-25,183.25,184.91,180.7,182.1,68988,30.07812500000007,1.3981801550145985,62137,1.0,1,1,61137.0,0.68,40.46,1.9,6.31
2018-06-26,183.32,186.51,182.51,184.3,65726,38.90784982935168,1.2876428875951305,127863,1.0,0,0,61137.0,0.68,40.46,1.9,6.31
2018-06-27,185.33,187.275,183.99,184.08,67257,39.05781584582459,1.1744747727668516,60606,1.0,1,1,61137.0,0.68,40.46,1.9,6.31
2018-06-28,183.24,186.2,183.22,185.56,67453,37.639099083058944,0.954423259262474,128059,1.0,0,0,61137.0,0.68,40.46,1.9,6.31
2018-06-29,186.46,187.17,182.95,182.95,60392,40.996800155144044,0.9377536874456304,67667,1.0,1,1,61137.0,0.68,40.46,1.9,6.31
2018-07-02,183.63,187.28,183.05,187.1,60279,51.88942067290519,0.6158890852661971,127946,1.0,0,0,53265.0,0.59,44.82,2.04,7.55
2018-07-03,187.57,187.93,183.6,183.6,34789,51.461420127924825,0.6064082173663169,93157,1.0,1,1,53265.0,0.59,44.82,2.04,7.55
2018-07-05,185.4,186.4,184.26,185.45,55316,51.89293465155527,0.450413796580274,148473,1.0,1,1,53265.0,0.59,44.82,2.04,7.55
2018-07-06,184.69,188.43,184.57,187.93,55120,55.60688786224266,0.16953329223367394,203593,2.0,1,1,53265.0,0.59,44.82,2.04,7.55
2018-07-09,189.35,190.8,189.22,190.74,52848,56.5505901697104,-0.1963453993981767,256441,3.0,1,0,53265.0,0.59,44.82,2.04,7.55
2018-07-10,190.51,191.27,189.21,189.28,54377,54.27492532266235,-0.32337040714743986,202064,4.0,1,0,53265.0,0.59,44.82,2.04,7.55
2018-07-11,188.54,189.77,187.64,187.98,57993,56.36295180722884,-0.30350149204063254,144071,5.0,1,1,53265.0,0.59,44.82,2.04,7.55
2018-07-12,188.98,191.4,188.98,190.82,54182,60.58853546521513,-0.4561172601703288,198253,6.0,1,1,53265.0,0.59,44.82,2.04,7.55
2018-07-13,190.94,191.82,190.73,191.33,51154,58.048162230671714,-0.5591079752239565,249407,7.0,1,0,53265.0,0.59,44.82,2.04,7.55
2018-07-16,191.62,192.63,189.6,189.85,49446,64.03803131991046,-0.4973242537707654,199961,8.0,1,1,53265.0,0.59,44.82,2.04,7.55
2018-07-17,189.95,191.86,189.19,191.43,52195,63.2413891667857,-0.5296504612070594,252156,9.0,1,0,53265.0,0.59,44.82,2.04,7.55
2018-07-18,191.85,192.15,189.9,190.19,47343,63.2413891667857,-0.43809536314451303,204813,10.0,1,1,53265.0,0.59,44.82,2.04,7.55
2018-07-19,189.75,192.54,189.67,192.07,55761,58.124598587026256,-0.47180593546396543,260574,11.0,1,0,53265.0,0.59,44.82,2.04,7.55
2018-07-20,191.57,192.43,190.19,191.12,52065,59.292421926184694,-0.4005841095070448,208509,12.0,1,1,53265.0,0.59,44.82,2.04,7.55
2018-07-23,191.0,192.01,189.53,191.56,45727,52.861656013518434,-0.35511979548517236,254236,13.0,1,1,53265.0,0.59,44.82,2.04,7.55
2018-07-24,192.52,193.65,191.98,192.88,54583,52.11304982418888,-0.38353325971777896,308819,14.0,1,1,53265.0,0.59,44.82,2.04,7.55
2018-07-25,192.55,194.8,192.4,194.25,49271,51.33823231982736,-0.4590791366749949,358090,15.0,1,1,53265.0,0.59,44.82,2.04,7.55
2018-07-26,194.3,195.95,193.33,194.33,51361,46.57832637502269,-0.4768353365782281,409451,16.0,1,0,53265.0,0.59,44.82,2.04,7.55
2018-07-27,194.61,195.09,190.1,190.98,60212,43.37662337662339,-0.2374578860559453,349239,17.0,1,0,53265.0,0.59,44.82,2.04,7.55
2018-07-30,191.84,192.19,189.04,189.98,58089,41.03194103194107,0.0011070981211822595,291150,18.0,1,1,53265.0,0.59,44.82,2.04,7.55
2018-07-31,190.53,196.56,189.32,195.64,60604,54.16983348303732,-0.19837129087346672,351754,19.0,1,1,53265.0,0.59,44.82,2.04,7.55
2018-08-01,198.65,201.85,197.29,201.64,65572,56.602073005858365,-0.6831956704880433,417326,20.0,1,1,53265.0,0.59,44.82,2.04,7.55
2018-08-02,200.6,208.37,200.21,207.42,66430,63.5276138279931,-1.3058570666697817,483756,21.0,1,1,53265.0,0.59,44.82,2.04,7.55
2018-08-03,207.0,208.72,205.46,207.98,57733,61.59800249687874,-1.646166577671199,541489,22.0,1,1,53265.0,0.59,44.82,2.04,7.55
2018-08-06,208.02,209.24,207.06,208.99,53379,61.043566362715154,-1.8166298123072608,594868,23.0,1,0,53265.0,0.59,44.82,2.04,7.55
2018-08-07,209.35,209.48,206.73,207.09,57054,61.043566362715154,-1.6818508584318512,537814,24.0,1,0,53265.0,0.59,44.82,2.04,7.55
2018-08-08,206.34,207.79,204.57,206.92,50299,69.47006409254325,-1.4693886298898802,487515,25.0,1,1,53265.0,0.59,44.82,2.04,7.55
2018-08-09,207.18,209.77,206.97,208.78,46113,68.3831881862929,-1.3455744744949603,533628,26.0,1,0,53265.0,0.59,44.82,2.04,7.55
2018-08-10,207.52,209.07,206.65,207.51,51951,64.59016393442619,-1.0809976324106687,481677,27.0,1,1,53265.0,0.59,44.82,2.04,7.55
2018-08-13,207.74,210.94,207.4,208.92,59108,66.27010723860592,-0.9106305473541711,540785,28.0,1,1,53265.0,0.59,44.82,2.04,7.55
2018-08-14,209.85,210.55,208.22,209.75,48838,65.753657706703,-0.7691534807400302,589623,29.0,1,1,53265.0,0.59,44.82,2.04,7.55
2018-08-15,208.59,210.72,208.15,210.39,65034,66.28893602768784,-0.6393221671128568,654657,30.0,1,1,53265.0,0.59,44.82,2.04,7.55
2018-08-16,211.6,213.8,211.22,212.77,56619,66.06826801517069,-0.6331817483409434,711276,31.0,1,1,53265.0,0.59,44.82,2.04,7.55
2018-08-17,212.89,217.93,212.79,217.64,59227,70.0921372449268,-0.8623531106940376,770503,32.0,1,0,53265.0,0.59,44.82,2.04,7.55
2018-08-20,217.91,219.15,215.07,215.22,50016,62.097696454827734,-0.7598035508011147,720487,33.0,1,0,53265.0,0.59,44.82,2.04,7.55
2018-08-21,216.52,217.18,214.02,214.27,51508,58.147925435959216,-0.5467937805585326,668979,34.0,1,1,53265.0,0.59,44.82,2.04,7.55
2018-08-22,214.32,216.34,213.83,215.0,44021,48.51468341537961,-0.38168343615949585,713000,35.0,1,1,53265.0,0.59,44.82,2.04,7.55
2018-08-23,214.78,217.04,214.52,215.5,51668,48.40959346827712,-0.23970288456274957,764668,36.0,1,1,53265.0,0.59,44.82,2.04,7.55
2018-08-24,216.34,216.86,215.08,216.17,50414,47.80588538977816,-0.12996516561052207,815082,37.0,1,1,53265.0,0.59,44.82,2.04,7.55
2018-08-27,217.04,218.71,216.31,217.92,53613,49.17208132466989,-0.11481612209430025,868695,38.0,1,1,53265.0,0.59,44.82,2.04,7.55
2018-08-28,219.02,220.53,218.63,219.78,52375,42.30118443316419,-0.16650581960067434,921070,39.0,1,1,53265.0,0.59,44.82,2.04,7.55
2018-08-29,219.85,223.33,219.37,223.22,64741,45.66341183228029,-0.35783149413034643,985811,40.0,1,1,53265.0,0.59,44.82,2.04,7.55
2018-08-30,223.59,228.23,222.37,225.02,67904,43.76257545271627,-0.5211721468323454,1053715,41.0,1,1,53265.0,0.59,44.82,2.04,7.55
2018-08-31,226.15,228.84,225.8,227.52,64628,41.720470945689286,-0.7018942510178618,1118343,42.0,1,1,53265.0,0.59,44.82,2.04,7.55
2018-09-04,227.9,229.17,226.6,228.36,61218,40.888458962720414,-0.7764998800140681,1179561,43.0,1,0,53265.0,0.59,44.82,2.04,7.55
2018-09-05,227.93,229.63,225.07,226.88,62135,42.28421970357453,-0.6308560274741097,1117426,44.0,1,0,53265.0,0.59,44.82,2.04,7.55
2018-09-06,227.6,227.65,221.29,223.05,65285,41.26822897772612,-0.2033895997968438,1052141,45.0,1,0,53265.0,0.59,44.82,2.04,7.55
2018-09-07,223.08,225.35,220.74,221.41,64700,33.19981149858624,0.2390121439510322,987441,46.0,1,0,53265.0,0.59,44.82,2.04,7.55
2018-09-10,222.29,222.43,216.48,218.13,65937,33.19981149858624,0.7716998356630622,921504,47.0,1,1,53265.0,0.59,44.82,2.04,7.55
2018-09-11,218.39,224.29,216.53,224.04,62041,38.83495145631066,0.7448094508966889,983545,48.0,1,0,53265.0,0.59,44.82,2.04,7.55
2018-09-12,224.82,224.94,219.81,221.03,65026,40.46619067618648,0.9361519968816712,918519,49.0,1,1,53265.0,0.59,44.82,2.04,7.55
2018-09-13,222.68,228.34,222.5,226.61,58299,46.77407736451608,0.7039208115894064,976818,50.0,1,0,53265.0,0.59,44.82,2.04,7.55
2018-09-14,227.04,227.05,222.5,223.66,52280,49.01676671496589,0.7611360544427335,924538,51.0,1,0,53265.0,0.59,44.82,2.04,7.55
2018-09-17,221.6,222.9,217.23,217.8,57116,48.64685004436564,1.1807460120537971,867422,52.0,1,1,53265.0,0.59,44.82,2.04,7.55
2018-09-18,218.46,221.75,217.12,218.1,52085,49.22667955534072,1.4096933406535372,919507,53.0,1,1,53265.0,0.59,44.82,2.04,7.55
2018-09-19,218.13,219.6,215.27,218.61,51463,43.55825667069062,1.4905205441784721,970970,54.0,1,1,53265.0,0.59,44.82,2.04,7.55
2018-09-20,219.98,222.25,219.18,220.23,46045,43.38209420399133,1.4000370226417251,1017015,55.0,1,0,53265.0,0.59,44.82,2.04,7.55
2018-09-21,220.28,221.35,217.26,217.65,50010,43.32511447692847,1.4717657736536918,967005,56.0,1,1,53265.0,0.59,44.82,2.04,7.55
2018-09-24,216.68,221.21,216.48,220.91,57543,46.6847826086956,1.2653562862700758,1024548,57.0,1,1,53265.0,0.59,44.82,2.04,7.55
2018-09-25,220.19,222.8,219.0,222.11,45589,44.53598255391322,1.0240158504301684,1070137,58.0,1,0,53265.0,0.59,44.82,2.04,7.55
2018-09-26,221.99,223.73,219.83,220.42,52166,43.557082765566705,0.9555319464384366,1017971,59.0,1,1,53265.0,0.59,44.82,2.04,7.55
2018-09-27,223.58,226.43,223.21,224.8,52038,49.15766738660907,0.6094301372698023,1070009,60.0,1,1,53265.0,0.59,44.82,2.04,7.55
2018-09-28,224.23,225.82,223.99,225.75,51621,52.24538363227708,0.3249716045682751,1121630,61.0,1,1,53265.0,0.59,44.82,2.04,7.55
2018-10-01,227.9,229.4,226.34,227.25,58316,47.105340232353775,0.058221278535756316,1179946,62.0,1,1,62900.0,0.74,54.85,2.41,9.74
2018-10-02,227.1,229.99,226.48,229.21,56708,34.951775537045165,-0.21293521717378594,1236654,63.0,1,1,62900.0,0.74,54.85,2.41,9.74
2018-10-03,230.11,233.44,229.76,231.72,61570,30.06114691786479,-0.5072533357726963,1298224,64.0,1,0,62900.0,0.74,54.85,2.41,9.74
2018-10-04,230.49,232.32,226.76,228.24,64838,30.06114691786479,-0.41723612954201084,1233386,65.0,1,0,62900.0,0.74,54.85,2.41,9.74
2018-10-05,227.16,228.5,220.56,224.22,65714,29.375033643753,-0.055631334218746886,1167672,66.0,1,0,62900.0,0.74,54.85,2.41,9.74
2018-10-08,224.1,224.77,220.18,223.95,68996,28.817654639175274,0.2180539352748485,1098676,67.0,1,1,62900.0,0.74,54.85,2.41,9.74
2018-10-09,222.24,227.26,222.21,226.25,64971,33.35875921688279,0.2577775301547347,1163647,68.0,0,0,62900.0,0.74,54.85,2.41,9.74
2018-10-10,225.97,226.28,214.47,214.55,70285,33.6277065489174,1.0416358698068575,1093362,1.0,0,1,62900.0,0.74,54.85,2.41,9.74
2018-10-11,214.16,219.43,212.29,215.38,78625,32.02160120114303,1.448802875283619,1171987,2.0,1,1,62900.0,0.74,54.85,2.41,9.74
2018-10-12,219.3,222.85,216.8,222.08,68707,35.767241773831884,1.2206108815592986,1240694,1.0,1,0,62900.0,0.74,54.85,2.41,9.74
2018-10-15,221.65,221.77,216.97,217.0,62414,37.21661676270036,1.3551404381342902,1178280,2.0,1,1,62900.0,0.74,54.85,2.41,9.74
2018-10-16,218.92,223.17,216.74,222.84,61423,38.27393261160444,1.0099870456333677,1239703,3.0,1,0,62900.0,0.74,54.85,2.41,9.74
2018-10-17,221.79,222.6,219.31,221.18,62994,36.23870381263034,0.8586016986845735,1176709,4.0,0,0,62900.0,0.74,54.85,2.41,9.74
2018-10-18,219.02,219.72,214.87,216.2,71836,37.84760683262405,1.0465199957426023,1104873,1.0,1,1,62900.0,0.74,54.85,2.41,9.74
2018-10-19,218.61,221.23,217.4,219.24,61514,40.00000000000004,0.9230533612309183,1166387,1.0,1,1,62900.0,0.74,54.85,2.41,9.74
2018-10-22,220.69,223.32,218.53,220.52,67432,45.5327329758171,0.7211042721343047,1233819,2.0,1,1,62900.0,0.74,54.85,2.41,9.74
2018-10-23,216.36,223.25,214.67,223.14,73658,45.65371024734984,0.3933911939009419,1307477,3.0,0,0,62900.0,0.74,54.85,2.41,9.74
2018-10-24,222.15,224.19,214.51,217.02,72472,43.99688655380427,0.5609007084717768,1235005,1.0,0,1,62900.0,0.74,54.85,2.41,9.74
2018-10-25,218.35,221.35,216.74,217.03,65859,39.73400250941031,0.6375443392307825,1300864,2.0,0,0,62900.0,0.74,54.85,2.41,9.74
2018-10-26,215.85,220.15,212.66,216.11,69074,39.148494288681235,0.7111145434485793,1231790,3.0,0,0,62900.0,0.74,54.85,2.41,9.74
2018-10-29,219.35,219.71,206.99,211.8,76839,37.75548123374211,0.9936228182321589,1154951,4.0,0,1,62900.0,0.74,54.85,2.41,9.74
2018-10-30,213.04,215.12,209.24,214.1,76576,37.298010333076846,0.9681804520295637,1231527,5.0,1,1,62900.0,0.74,54.85,2.41,9.74
2018-10-31,215.78,220.43,215.59,218.7,74848,43.22484030231418,0.6020670150564622,1306375,1.0,0,0,62900.0,0.74,54.85,2.41,9.74
2018-11-01,219.73,223.42,210.58,212.99,70544,40.11715268050426,0.6982077036068627,1235831,1.0,0,0,62900.0,0.74,54.85,2.41,9.74
2018-11-02,208.07,213.56,205.41,206.67,73738,36.24519348768714,1.1163778872653842,1162093,2.0,0,0,62900.0,0.74,54.85,2.41,9.74
2018-11-05,203.81,204.43,198.17,201.53,63939,34.553014553014506,1.6366194533588536,1098154,3.0,0,1,62900.0,0.74,54.85,2.41,9.74
2018-11-06,200.58,204.68,200.57,204.0,63359,34.4609147345749,1.7041828535174939,1161513,4.0,0,1,62900.0,0.74,54.85,2.41,9.74
2018-11-07,205.96,209.98,204.1,209.56,60423,36.1799074006026,1.2833938053815466,1221936,5.0,0,0,62900.0,0.74,54.85,2.41,9.74
2018-11-08,209.14,210.07,206.74,207.75,63198,35.506136775895726,1.0459844290877611,1158738,6.0,0,0,62900.0,0.74,54.85,2.41,9.74
2018-11-09,205.81,205.98,202.23,204.49,66118,36.0426929392446,1.026110872696547,1092620,7.0,0,0,62900.0,0.74,54.85,2.41,9.74
2018-11-12,199.5,199.9,192.97,193.55,71630,34.837355718782746,1.631407302396552,1020990,8.0,0,0,62900.0,0.74,54.85,2.41,9.74
2018-11-13,192.42,197.16,191.14,192.61,70670,37.27079955095417,1.9549225833548451,950320,9.0,0,0,62900.0,0.74,54.85,2.41,9.74
2018-11-14,192.4,194.48,185.95,187.62,66625,43.60142515040007,2.338869568132271,883695,10.0,0,1,62900.0,0.74,54.85,2.41,9.74
2018-11-15,188.21,191.93,186.86,190.69,68421,45.05068201726939,2.220865711501702,952116,11.0,0,1,62900.0,0.74,54.85,2.41,9.74
2018-11-16,189.52,194.94,189.22,193.48,64092,44.106415478615034,1.8072418927145346,1016208,12.0,0,0,62900.0,0.74,54.85,2.41,9.74
2018-11-19,190.14,190.67,184.99,185.85,69072,45.71640499443686,1.8908730399589375,947136,13.0,0,0,62900.0,0.74,54.85,2.41,9.74
2018-11-20,180.97,181.41,175.51,176.7,69604,43.997465948685445,2.3744830504103707,877532,14.0,0,0,62900.0,0.74,54.85,2.41,9.74
2018-11-21,179.19,180.24,176.47,176.59,50514,45.53799750836008,2.5011168194740616,827018,15.0,0,0,62900.0,0.74,54.85,2.41,9.74
2018-11-23,175.34,176.55,172.11,172.28,29510,50.53563487892628,2.65970008166697,797508,16.0,0,0,62900.0,0.74,54.85,2.41,9.74
2018-11-26,174.23,174.92,170.24,171.51,53381,45.53600699377113,2.5980189461355057,744127,17.0,0,1,62900.0,0.74,54.85,2.41,9.74
2018-11-27,171.29,174.76,170.86,174.61,60870,48.87791741472172,2.148618010710898,804997,18.0,0,1,62900.0,0.74,54.85,2.41,9.74
2018-11-28,175.97,181.48,174.91,181.29,66597,49.1885771795194,1.2463957841944477,871594,19.0,0,0,62900.0,0.74,54.85,2.41,9.74
2018-11-29,181.65,182.77,177.68,179.19,61549,49.1885771795194,0.665128225200327,810045,20.0,0,0,62900.0,0.74,54.85,2.41,9.74
2018-11-30,178.98,180.29,177.0,178.6,52636,53.08172685310883,0.21761920569408133,757409,21.0,0,1,62900.0,0.74,54.85,2.41,9.74
2018-12-03,184.53,184.93,181.17,184.11,62866,59.97164461247636,-0.5123771377959514,820275,22.0,0,0,62900.0,0.74,54.85,2.41,9.74
2018-12-04,181.11,182.37,176.23,176.38,60994,57.220155563070655,-0.5350497685965028,759281,23.0,0,0,62900.0,0.74,54.85,2.41,9.74
2018-12-06,172.6,174.76,170.41,174.6,66832,56.56970912738211,-0.49169267571241626,692449,24.0,0,0,62900.0,0.74,54.85,2.41,9.74
2018-12-07,173.9,175.12,168.3,168.38,68244,57.60713716743665,-0.1247511872667264,624205,25.0,0,1,62900.0,0.74,54.85,2.41,9.74
2018-12-10,167.67,170.25,163.72,170.03,74126,56.009257728550175,-0.07618962877559454,698331,26.0,0,0,62900.0,0.74,54.85,2.41,9.74
2018-12-11,171.64,171.95,166.96,168.23,62289,55.59769528116114,-0.00938352772949358,636042,27.0,0,1,62900.0,0.74,54.85,2.41,9.74
2018-12-12,169.87,171.91,168.87,169.04,61176,50.39432176656152,-0.10118690268044261,697218,28.0,0,1,62900.0,0.74,54.85,2.41,9.74
2018-12-13,169.91,172.52,169.54,170.37,57577,43.02465423932655,-0.32054569956338064,754795,29.0,0,0,62900.0,0.74,54.85,2.41,9.74
2018-12-14,168.71,169.4,165.25,165.38,60244,43.03694681282992,-0.2042963893315779,694551,30.0,0,0,62900.0,0.74,54.85,2.41,9.74
2018-12-17,164.96,168.32,162.69,163.98,64163,45.44299777707213,-0.11242818061419158,630388,31.0,0,1,62900.0,0.74,54.85,2.41,9.74
2018-12-18,165.39,167.51,164.36,164.76,57021,43.367258927031244,-0.17952371784861398,687409,32.0,0,0,62900.0,0.74,54.85,2.41,9.74
2018-12-19,166.18,167.42,159.12,160.93,62332,37.736908605924555,-0.04812879140784254,625077,33.0,0,0,62900.0,0.74,54.85,2.41,9.74
2018-12-20,160.9,162.04,155.37,157.82,68950,37.736908605924555,0.15494915040377855,556127,34.0,0,0,62900.0,0.74,54.85,2.41,9.74
2018-12-21,157.42,158.13,149.58,150.78,70325,30.558187123422726,0.6427611945855674,485802,35.0,0,0,62900.0,0.74,54.85,2.41,9.74
2018-12-24,149.2,151.5,146.58,146.59,35414,20.352318274036392,1.100121819829491,450388,36.0,0,1,62900.0,0.74,54.85,2.41,9.74
2018-12-26,148.03,157.19,146.7,156.3,68819,38.97852723522994,0.624847558672645,519207,37.0,0,0,62900.0,0.74,54.85,2.41,9.74
2018-12-27,155.25,156.77,150.04,156.05,74287,41.81279890685498,0.22413025862739744,444920,38.0,0,1,62900.0,0.74,54.85,2.41,9.74
2018-12-28,157.0,158.47,154.51,156.18,68196,35.85692068429242,-0.1336114700261426,513116,39.0,0,1,62900.0,0.74,54.85,2.41,9.74
2018-12-31,157.5,159.32,156.48,157.93,61021,36.01613403661189,-0.5487436183679311,574137,40.0,0,0,84310.0,1.05,38.46,2.17,6.17
2019-01-02,154.5,158.83,144.48,146.09,63648,35.66237140549842,-0.10955230775599212,510489,41.0,0,0,84310.0,1.05,38.46,2.17,6.17
2019-01-03,145.23,145.7,141.97,142.5,75000,39.79253112033197,0.31584322707467294,435489,42.0,0,1,84310.0,1.05,38.46,2.17,6.17
2019-01-04,144.05,148.53,143.57,148.28,67367,51.09591795696762,0.11160051947107874,502856,43.0,0,0,84310.0,1.05,38.46,2.17,6.17
2019-01-07,148.06,148.79,145.88,147.76,65662,51.96850393700785,-0.07478357824992798,437194,44.0,0,1,84310.0,1.05,38.46,2.17,6.17
2019-01-08,148.38,151.8,148.28,150.55,64405,50.986121256391534,-0.4512697032220956,501599,45.0,0,1,84310.0,1.05,38.46,2.17,6.17
2019-01-09,151.42,154.52,149.61,152.88,69449,48.526302161998856,-0.8967874109099068,571048,46.0,0,1,84310.0,1.05,38.46,2.17,6.17
2019-01-10,152.18,153.96,150.87,153.8,66931,45.68518012567815,-1.2701911369660017,637979,47.0,0,0,84310.0,1.05,38.46,2.17,6.17
2019-01-11,152.9,153.65,151.48,152.21,60900,46.02680473178883,-1.4157434173583034,577079,48.0,0,0,84310.0,1.05,38.46,2.17,6.17
2019-01-14,150.74,151.29,149.19,149.87,58072,58.85458567980689,-1.3597627212858274,519007,49.0,0,1,84310.0,1.05,38.46,2.17,6.17
2019-01-15,150.28,153.37,149.97,152.87,59364,63.372846379037256,-1.5180868109924246,578371,50.0,0,1,84310.0,1.05,38.46,2.17,6.17
2019-01-16,153.06,155.86,152.6,153.99,64196,53.86289445048964,-1.6789961433543086,642567,51.0,0,1,84310.0,1.05,38.46,2.17,6.17
2019-01-17,153.99,157.62,153.25,155.65,58365,50.12092831780991,-1.863725489260399,700932,52.0,0,1,84310.0,1.05,38.46,2.17,6.17
2019-01-18,156.95,157.84,155.97,156.8,61794,51.39647996790855,-2.0169061246925226,762726,53.0,0,0,84310.0,1.05,38.46,2.17,6.17
2019-01-22,155.8,156.67,152.65,153.15,64337,52.10938802734702,-1.8313609342102133,698389,54.0,0,1,84310.0,1.05,38.46,2.17,6.17
2019-01-23,154.0,155.12,151.68,153.88,66987,50.12092831780991,-1.7185828692444636,765376,55.0,0,0,84310.0,1.05,38.46,2.17,6.17
2019-01-24,154.56,154.58,151.72,152.44,63776,52.427602540639434,-1.5149245128645976,701600,56.0,0,1,84310.0,1.05,38.46,2.17,6.17
2019-01-25,154.12,158.12,154.12,157.67,56864,52.9362416107382,-1.6871912563023113,758464,57.0,0,0,84310.0,1.05,38.46,2.17,6.17
2019-01-28,156.25,156.49,153.65,155.92,62867,52.9362416107382,-1.6367573184738475,695597,58.0,0,1,84310.0,1.05,38.46,2.17,6.17
2019-01-29,156.47,161.62,150.98,160.54,66595,55.227454110135604,-1.8521707559237885,762192,59.0,0,1,84310.0,1.05,38.46,2.17,6.17
2019-01-30,161.68,166.11,160.22,165.66,70344,58.32095096582462,-2.2506072096341954,832536,60.0,1,1,84310.0,1.05,38.46,2.17,6.17
2019-01-31,166.1,168.98,164.53,166.77,62821,58.51614493468075,-2.4818338259124735,895357,1.0,1,0,84310.0,1.05,38.46,2.17,6.17
