Date_Time,Open,High,Low,Close,Volume,rsi,macd_decision,obv,Close_ema_50_Close_ema_50_derivative_distance,Close_ema_50_derivative,Close_ema_50_crossover_count,Close_ema_50_classification,Close_increase_decrease,revenue,eps,pe_ratio,debt_to_equity,price_to_book,Score,Frequency
2018-01-02 13:30:00,1172.81,1175.49,1172.12,1173.52,149,38.93167094487202,1.6745695587113845,7407,-0.0041578596459443,-0.1999879074339787,7.0,1,1,60453.0,3.75,1169.47,3.74,20.43,0.0679889807162534,22.0
2018-01-02 14:30:00,1174.6,1184.95,1170.5,1183.39,4984,56.99926590998937,0.7994249876684206,12391,0.0040516913829122,0.1949135791321623,1.0,1,1,60453.0,3.75,1169.47,3.74,20.43,0.1999004787100025,63.0
2018-01-02 15:30:00,1183.39,1184.5,1181.59,1183.59,3013,58.05672902836425,0.1924654922454384,15404,0.004055166426787,0.1951130466170525,2.0,1,1,60453.0,3.75,1169.47,3.74,20.43,0.0722978080120937,56.0
2018-01-02 16:30:00,1183.59,1187.89,1183.14,1187.16,2732,59.08336100963143,-0.4300871685387457,18136,0.006803964918206,0.3274615545929009,3.0,1,1,60453.0,3.75,1169.47,3.74,20.43,0.0830566200648167,61.0
2018-01-02 17:30:00,1187.16,1188.13,1184.98,1187.93,2321,56.18283638565128,-0.8501083697389602,20457,0.0071624594757655,0.3448160034322427,4.0,1,1,60453.0,3.75,1169.47,3.74,20.43,0.0833600713012477,34.0
2018-01-02 18:30:00,1187.93,1188.94,1186.28,1187.98,2721,55.23724261414503,-1.0732822834570002,23178,0.0069203524924799,0.3332545915329774,5.0,1,1,60453.0,3.75,1169.47,3.74,20.43,0.0980126600829725,48.0
2018-01-02 19:30:00,1188.05,1189.24,1187.22,1189.09,2382,49.75906670048137,-1.226577481832245,25560,0.0075505685706367,0.3637151957868809,6.0,1,0,60453.0,3.75,1169.47,3.74,20.43,0.1347777566527566,37.0
2018-01-02 20:30:00,1189.06,1189.75,1183.07,1185.6,2464,44.54029511918255,-1.031681195845892,23096,0.0044124622146851,0.2125891096773102,7.0,1,1,60453.0,3.75,1169.47,3.74,20.43,0.0961091328026811,31.0
2018-01-02 21:30:00,1185.6,1186.0,1185.27,1186.0,50,58.16385822196457,-0.8746613205315276,23146,0.0045641556144693,0.2199385563567375,8.0,1,1,60453.0,3.75,1169.47,3.74,20.43,0.0952537697014441,43.0
2018-01-03 13:30:00,1186.6,1188.38,1186.47,1187.24,125,56.75387079551583,-0.8012261944970853,23271,0.0053930965005477,0.2599409659112552,9.0,1,1,60453.0,3.75,1169.47,3.74,20.43,0.08644566083780271,18.846923828125
2018-01-03 14:30:00,1188.87,1198.14,1188.87,1196.55,5024,60.53065804237423,-1.297212351097922,28295,0.0127497953471498,0.6148452417580756,10.0,1,1,60453.0,3.75,1169.47,3.74,20.43,0.0932393763643763,52.0
2018-01-03 15:30:00,1196.54,1199.0,1196.52,1198.6,2554,65.89233410766627,-1.6578274735602885,30849,0.0139089620050391,0.6711258205125432,11.0,1,1,60453.0,3.75,1169.47,3.74,20.43,0.078691378066378,46.0
2018-01-03 16:30:00,1198.61,1200.75,1197.99,1200.34,2818,65.10041682455517,-1.8911286138500485,33667,0.014768768635691,0.7130424550020962,12.0,1,1,60453.0,3.75,1169.47,3.74,20.43,0.0818700518700518,37.0
2018-01-03 17:30:00,1200.36,1204.17,1199.82,1203.32,2738,65.17148093201892,-2.107225423796835,36405,0.0165988472430863,0.8019427508845638,13.0,1,0,60453.0,3.75,1169.47,3.74,20.43,0.1207289451532872,38.0
2018-01-03 18:30:00,1203.32,1204.62,1201.19,1203.21,2605,52.77927513714077,-2.09921136674226,33800,0.0158483667939526,0.7661802900656767,14.0,1,1,60453.0,3.75,1169.47,3.74,20.43,0.0585716031280547,31.0
2018-01-03 19:30:00,1203.2,1204.32,1201.89,1203.83,2526,47.32283464566945,-1.9929514373686563,36326,0.0157196967729029,0.7604477296708865,15.0,1,0,60453.0,3.75,1169.47,3.74,20.43,0.144674012855831,33.0
2018-01-03 20:30:00,1203.83,1204.8,1201.22,1201.45,2219,50.71692975364898,-1.634687888737048,34107,0.0131668056967447,0.6372929167423536,16.0,1,0,60453.0,3.75,1169.47,3.74,20.43,0.0905627485657973,41.0
2018-01-03 21:30:00,1201.45,1201.92,1201.28,1201.29,9,49.04427776433613,-1.2752035502109609,34098,0.0125144301629939,0.6060265278506449,17.0,1,1,60453.0,3.75,1169.47,3.74,20.43,0.1711987313821081,45.0
2018-01-04 13:30:00,1207.03,1209.29,1204.97,1207.52,305,54.99038256037655,-1.3386872322318135,34403,0.0170568562909552,0.8265745071505535,18.0,1,1,60453.0,3.75,1169.47,3.74,20.43,0.0947953666281891,22.400909423828125
2018-01-04 14:30:00,1207.17,1215.74,1207.17,1213.01,5587,63.73798650398812,-1.6136749455499002,39990,0.0208129861942742,1.0094539382428138,19.0,1,0,60453.0,3.75,1169.47,3.74,20.43,0.1193896876932591,49.0
2018-01-04 15:30:00,1213.01,1214.6,1206.59,1206.74,3538,65.31942633637621,-1.2526403597339009,36452,0.0149180833214287,0.7239851563508637,20.0,1,1,60453.0,3.75,1169.47,3.74,20.43,0.1228943545090235,38.0
2018-01-04 16:30:00,1206.74,1209.9,1206.0,1208.02,3367,63.86360548838544,-0.9908536892502048,39819,0.0153577432496447,0.7457896600235472,21.0,1,0,60453.0,3.75,1169.47,3.74,20.43,0.1283573232323232,40.0
2018-01-04 17:30:00,1207.99,1209.77,1204.66,1206.41,2496,62.01146430432561,-0.6183055747741291,37323,0.0134479334277258,0.6534057517872043,22.0,1,1,60453.0,3.75,1169.47,3.74,20.43,0.0852317821067821,22.0
2018-01-04 18:30:00,1206.39,1210.31,1205.29,1207.59,3033,61.96572621102089,-0.3725059593530222,40356,0.0138651015905617,0.6740565066188537,23.0,1,1,60453.0,3.75,1169.47,3.74,20.43,0.2342663725163724,39.0
2018-01-04 19:30:00,1207.61,1209.57,1206.37,1209.57,2169,56.22202327663397,-0.2692401842403349,42525,0.014909465708945,0.7252699769478568,24.0,1,0,60453.0,3.75,1169.47,3.74,20.43,0.105606968428397,35.0
2018-01-04 20:30:00,1209.56,1210.51,1208.56,1209.46,1986,50.225821523127664,-0.1267326512430733,40539,0.0142278356808389,0.692514291577254,25.0,1,1,60453.0,3.75,1169.47,3.74,20.43,0.1057183441558441,32.0
2018-01-04 21:30:00,1209.48,1209.67,1209.46,1209.49,40,48.15475707681112,0.0242547514077973,40579,0.0136864022586999,0.6665333389664738,26.0,1,1,60453.0,3.75,1169.47,3.74,20.43,0.0089804292929292,24.0
2018-01-05 13:30:00,1213.97,1216.89,1212.82,1214.7,411,51.8117647058826,-0.1579886171266915,40990,0.0173327285169585,0.844708502144158,27.0,1,1,60453.0,3.75,1169.47,3.74,20.43,0.14482428998568467,30.1939697265625
2018-01-05 14:30:00,1215.0,1217.55,1209.97,1216.91,5984,67.04482567792013,-0.3477279992970921,46974,0.0184174874145043,0.8982493451974278,28.0,1,1,60453.0,3.75,1169.47,3.74,20.43,0.1584051036682615,38.0
2018-01-05 15:30:00,1216.89,1219.34,1216.2,1217.85,3350,67.33406472847042,-0.4503783101522911,50324,0.0184371727037986,0.8998866257777536,29.0,1,1,60453.0,3.75,1169.47,3.74,20.43,0.1371325757575758,40.0
2018-01-05 16:30:00,1217.86,1220.5,1217.47,1220.01,2774,69.35860815372706,-0.5698928259728193,53098,0.0194342001772079,0.949302836531615,30.0,1,1,60453.0,3.75,1169.47,3.74,20.43,0.1240832021513839,33.0
2018-01-05 17:30:00,1219.99,1221.83,1219.5,1221.55,2188,68.51806936696654,-0.6528464977494792,55286,0.0198922632961816,0.9724674311776198,31.0,1,1,60453.0,3.75,1169.47,3.74,20.43,0.2044697332952541,45.0
2018-01-05 18:30:00,1221.7,1227.11,1221.7,1225.9,2678,64.20223989612072,-0.8863756383331856,57964,0.0225808032803022,1.1049196887781818,32.0,1,0,60453.0,3.75,1169.47,3.74,20.43,0.0801399963086009,43.0
2018-01-05 19:30:00,1226.03,1227.01,1223.17,1223.65,2860,57.71144278606874,-0.778823771624201,55104,0.0198759143838272,0.9733542107869652,33.0,1,1,60453.0,3.75,1169.47,3.74,20.43,0.1173615551115551,52.0
2018-01-05 20:30:00,1223.6,1228.9,1223.6,1228.06,2408,60.04273504273404,-0.8863775280656547,57512,0.0226070497651795,1.108124633893567,34.0,1,1,60453.0,3.75,1169.47,3.74,20.43,0.1903589834202079,49.0
2018-01-08 13:30:00,1230.61,1233.7,1229.99,1232.85,322,65.77219526120427,-1.1453476547407515,57834,0.0255260974815952,1.252511903152481,35.0,1,1,60453.0,3.75,1169.47,3.74,20.43,0.09856796088454647,21.38456338241631
2018-01-08 14:30:00,1232.85,1252.01,1231.99,1244.57,7229,71.25021979954252,-1.9252929181587584,65063,0.033845027791313,1.6630016324406824,36.0,1,1,60453.0,3.75,1169.47,3.74,20.43,0.0847992078843142,47.0
2018-01-08 15:30:00,1244.54,1248.64,1243.47,1246.44,5157,71.59485753995816,-2.3578971642039264,70220,0.0339630883421431,1.671119215482349,37.0,1,0,60453.0,3.75,1169.47,3.74,20.43,0.1120775507305194,50.0
2018-01-08 16:30:00,1246.42,1248.36,1243.56,1244.79,3432,72.35671139392247,-2.3201046590222347,66788,0.0312761712505936,1.540879246247414,38.0,1,0,60453.0,3.75,1169.47,3.74,20.43,0.1107936507936507,49.0
2018-01-08 17:30:00,1244.82,1246.26,1243.38,1244.1,2908,56.62365405155728,-2.0454346982798377,63880,0.0294649464794345,1.4533937856103876,39.0,1,1,60453.0,3.75,1169.47,3.74,20.43,0.1182605661881977,38.0
2018-01-08 18:30:00,1244.1,1246.42,1243.87,1244.87,2739,57.7503792713174,-1.7252050204309306,66619,0.0288875285979398,1.4265940293119002,40.0,1,0,60453.0,3.75,1169.47,3.74,20.43,0.0775728558880732,46.0
2018-01-08 19:30:00,1244.84,1245.18,1241.71,1244.01,3133,55.92020592020583,-1.2852514801680357,63486,0.0270418863398571,1.3369236752212146,41.0,1,1,60453.0,3.75,1169.47,3.74,20.43,0.1203106353106353,37.0
2018-01-08 20:30:00,1244.0,1246.69,1242.41,1244.97,2492,55.01559678213749,-0.9065392339951864,65978,0.0267137460157433,1.3221423546242477,42.0,1,1,60453.0,3.75,1169.47,3.74,20.43,0.1153059163059163,25.0
2018-01-08 21:30:00,1244.88,1245.73,1243.96,1245.5,25,54.71074380165292,-0.5565567845239308,66003,0.0260583476609722,1.2910779485605417,43.0,1,1,60453.0,3.75,1169.47,3.74,20.43,0.1128888509151666,38.0
2018-01-09 13:30:00,1254.52,1258.39,1253.49,1257.0,528,61.76984281001363,-0.941739539944452,66531,0.034091267637949,1.6914278329309127,44.0,1,0,60453.0,3.75,1169.47,3.74,20.43,0.1252170176018187,36.141448974609375
2018-01-09 14:30:00,1256.5,1258.8,1246.53,1248.79,7422,63.371552525565605,-0.5075251179984441,59109,0.0262370055661051,1.3031365453650778,45.0,1,0,60453.0,3.75,1169.47,3.74,20.43,0.0814458341190269,83.0
2018-01-09 15:30:00,1248.98,1249.0,1241.72,1246.5,5294,65.2018790509605,0.0408655254605569,53815,0.0233776869584975,1.1622292298604862,46.0,1,1,60453.0,3.75,1169.47,3.74,20.43,0.0832530773098954,55.0
2018-01-09 16:30:00,1246.51,1247.37,1242.57,1246.55,3396,52.10335255178317,0.4826455947683339,57211,0.0224797102050354,1.1186123973170652,47.0,1,1,60453.0,3.75,1169.47,3.74,20.43,0.0839496630263675,44.0
2018-01-09 17:30:00,1246.56,1252.35,1246.38,1251.55,2733,52.5022940636693,0.5174478975109356,59944,0.0255119649070628,1.2708236758533076,48.0,1,1,60453.0,3.75,1169.47,3.74,20.43,0.0935091171454807,33.0
2018-01-09 18:30:00,1251.57,1252.8,1249.3,1252.52,3114,46.22139730733021,0.5513458431800373,63058,0.0252490903975989,1.2590266689571763,49.0,1,0,60453.0,3.75,1169.47,3.74,20.43,0.0628308823529411,34.0
2018-01-09 19:30:00,1252.59,1255.09,1250.29,1250.46,3129,40.75933479761551,0.7750108616955309,59929,0.0226179450547687,1.1288687603707783,50.0,1,1,60453.0,3.75,1169.47,3.74,20.43,0.1304850589225589,24.0
2018-01-09 20:30:00,1250.46,1254.05,1250.44,1252.0,2464,40.388987117959104,0.8743833189460446,62393,0.0229195192868798,1.144991554081571,51.0,1,0,60453.0,3.75,1169.47,3.74,20.43,0.1001317523056653,46.0
2018-01-09 21:30:00,1252.4,1252.7,1251.48,1251.48,21,43.8786310713866,1.0201138293396408,62372,0.0215934722815361,1.079697767647076,52.0,1,0,60453.0,3.75,1169.47,3.74,20.43,0.1291152597402597,28.0
2018-01-10 13:30:00,1244.46,1245.34,1242.97,1242.99,270,50.537294563843375,1.6935629700372663,62102,0.0140798986538175,0.704415502249276,53.0,1,1,60453.0,3.75,1169.47,3.74,20.43,0.08038940286327301,21.17303466796875
2018-01-10 14:30:00,1245.15,1251.0,1237.12,1243.19,5406,49.25699093196619,2.104037136666616,67508,0.0136768756148872,0.6846345021608613,54.0,1,1,60453.0,3.75,1169.47,3.74,20.43,0.077112111373475,44.0
2018-01-10 15:30:00,1243.17,1250.78,1242.73,1249.33,3505,52.78966586831056,1.944293500816432,71013,0.0179375094809845,0.8985704040369455,55.0,1,0,60453.0,3.75,1169.47,3.74,20.43,0.1321142623716153,34.0
2018-01-10 16:30:00,1249.35,1252.49,1247.28,1247.3,2661,54.81334291633199,1.9524812938936336,68352,0.0156349401049481,0.7837245058394728,56.0,1,1,60453.0,3.75,1169.47,3.74,20.43,0.213736111111111,30.0
2018-01-10 17:30:00,1247.27,1250.09,1247.27,1248.02,2173,54.99410476671728,1.8855473602935893,70525,0.0155751784349018,0.7812255056105641,57.0,1,0,60453.0,3.75,1169.47,3.74,20.43,0.1809325396825397,30.0
2018-01-10 18:30:00,1247.99,1251.49,1247.29,1247.76,2441,42.50617822357892,1.8332811378645752,68084,0.0147522212733826,0.7403931328415183,58.0,1,1,60453.0,3.75,1169.47,3.74,20.43,0.1542555014430014,30.0
2018-01-10 19:30:00,1247.74,1250.03,1247.3,1249.41,2233,41.85747363004895,1.6668780779426149,70317,0.0154532045656923,0.776063990376997,59.0,1,1,60453.0,3.75,1169.47,3.74,20.43,0.1567550505050505,24.0
2018-01-10 20:30:00,1249.43,1254.31,1248.94,1253.59,2054,38.73839742375434,1.27240154107408,72371,0.0180978703736945,0.9095516770289578,60.0,1,1,60453.0,3.75,1169.47,3.74,20.43,0.064174912389198,21.0
2018-01-10 21:30:00,1253.71,1254.65,1253.71,1253.73,58,66.59101961420035,1.0105753806083548,72429,0.0174849041853182,0.8793731798905355,61.0,1,1,60453.0,3.75,1169.47,3.74,20.43,0.0631093544137022,23.0
2018-01-11 13:30:00,1260.01,1260.85,1257.97,1258.79,329,66.65588092541685,0.529331054491772,72758,0.0207271563387357,1.043319329698761,62.0,1,1,60453.0,3.75,1169.47,3.74,20.43,0.07698743756766631,24.435791015625
2018-01-11 14:30:00,1258.8,1262.8,1256.31,1260.07,6378,66.98702546852495,0.1758116124600821,79136,0.0208937161458346,1.052600924612534,63.0,1,1,60453.0,3.75,1169.47,3.74,20.43,0.1482512626262626,48.0
2018-01-11 15:30:00,1260.05,1261.78,1258.23,1260.73,3817,87.611697806663,-0.0399540320154052,82953,0.0205708229983858,1.0372048099218318,64.0,1,1,60453.0,3.75,1169.47,3.74,20.43,0.13661071392132,44.0
2018-01-11 16:30:00,1260.69,1266.3,1260.57,1265.81,2801,59.53528807397497,-0.4400504840517696,85754,0.0236922239817444,1.195745797768268,65.0,1,1,60453.0,3.75,1169.47,3.74,20.43,0.0798553077357425,46.0
2018-01-11 17:30:00,1265.82,1270.14,1265.6,1268.21,3633,50.71902654867308,-0.7626738949443297,89387,0.0246032102314877,1.2429714527575015,66.0,1,1,60453.0,3.75,1169.47,3.74,20.43,0.0927154452690166,56.0
2018-01-11 18:30:00,1268.21,1270.14,1267.73,1269.17,2275,49.40135346173922,-0.926190528264307,91662,0.0243593157472566,1.2318745330414913,67.0,1,1,60453.0,3.75,1169.47,3.74,20.43,0.1561111111111111,40.0
2018-01-11 19:30:00,1269.19,1273.42,1269.17,1272.88,2271,52.30618253189454,-1.1547979036310432,93933,0.0262528373580855,1.3290559239028426,68.0,1,1,60453.0,3.75,1169.47,3.74,20.43,0.1210163526498753,44.0
2018-01-11 20:30:00,1272.85,1276.98,1271.99,1276.83,2115,50.534351145038656,-1.424903140025112,96048,0.0282504795632526,1.4318380445338337,69.0,1,0,60453.0,3.75,1169.47,3.74,20.43,0.1524089105339105,42.0
2018-01-11 21:30:00,1276.85,1276.95,1276.48,1276.48,41,57.520756902877984,-1.4291954720439346,96007,0.0268423697370433,1.3619620427873542,70.0,1,0,60453.0,3.75,1169.47,3.74,20.43,0.1573809523809524,40.0
2018-01-12 13:30:00,1282.0,1282.0,1271.97,1271.97,635,62.06896551724202,-0.9979175070561652,95372,0.022283723704906,1.1316890215018702,71.0,1,1,60453.0,3.75,1169.47,3.74,20.43,0.05007322659125818,22.99725341796875
2018-01-12 14:30:00,1272.0,1298.81,1272.0,1296.9,8034,73.58953393295234,-2.192758388816941,103406,0.0405930167850791,2.064956118697637,72.0,1,1,60453.0,3.75,1169.47,3.74,20.43,0.1116808893533031,58.0
2018-01-12 15:30:00,1296.89,1301.82,1295.08,1298.99,5590,73.74695204551662,-2.881590345646577,108996,0.0405451137749104,2.0659382316900974,73.0,1,1,60453.0,3.75,1169.47,3.74,20.43,0.1234313612313612,85.0
2018-01-12 16:30:00,1299.01,1300.88,1297.58,1299.56,3922,72.3970944309933,-3.113585425647015,112918,0.0393305574250701,2.0072739873101,74.0,1,1,60453.0,3.75,1169.47,3.74,20.43,0.1519722021805355,60.0
2018-01-12 17:30:00,1299.57,1305.28,1299.47,1304.58,3927,73.5212605907041,-3.3239745491946664,116845,0.0415748446598187,2.1254201054548503,75.0,1,0,60453.0,3.75,1169.47,3.74,20.43,0.1244756235827664,42.0
2018-01-12 18:30:00,1304.6,1304.99,1302.47,1303.94,2652,62.157408164935305,-3.141008544730372,114193,0.0393900899847753,2.0169722581820224,76.0,1,0,60453.0,3.75,1169.47,3.74,20.43,0.1410324839302111,66.0
2018-01-12 19:30:00,1303.93,1305.5,1300.82,1302.98,3815,63.892843276821786,-2.693505900618268,110378,0.0370540334809123,1.9002282480571464,77.0,1,1,60453.0,3.75,1169.47,3.74,20.43,0.1606209415584416,44.0
2018-01-12 20:30:00,1302.97,1305.48,1301.53,1304.84,2659,48.4062410261319,-2.277482410947087,113037,0.0369674076065461,1.898650669701965,78.0,1,1,60453.0,3.75,1169.47,3.74,20.43,0.0445421318447634,38.0
2018-01-16 13:30:00,1319.1,1323.47,1319.07,1322.05,692,53.10559006211187,-2.877408380700864,113729,0.0485618415378909,2.499095741478186,79.0,1,1,60453.0,3.75,1169.47,3.74,20.43,0.11955340547981633,24.736338019211455
2018-01-16 14:30:00,1321.98,1339.4,1321.93,1330.27,8927,56.1678806473523,-3.5023836852849577,122656,0.052807275635411,2.723444928087247,80.0,1,0,60453.0,3.75,1169.47,3.74,20.43,0.0774987203112203,74.0
2018-01-16 15:30:00,1330.25,1334.3,1324.58,1328.37,7255,58.40032601044715,-3.456479790752578,115401,0.0491926947643379,2.5421333622796283,81.0,1,0,60453.0,3.75,1169.47,3.74,20.43,0.1271765983772562,76.0
2018-01-16 16:30:00,1328.32,1329.17,1317.25,1319.91,6237,59.88156325781426,-2.565966278046808,109164,0.0407756308675598,2.110677151994196,82.0,1,0,60453.0,3.75,1169.47,3.74,20.43,0.1617147740026527,33.0
2018-01-16 17:30:00,1319.91,1321.38,1311.42,1317.2,5989,53.84088176803031,-1.553853220079375,103175,0.0370673304283264,1.9216309891710357,83.0,1,0,60453.0,3.75,1169.47,3.74,20.43,0.0501961955868205,48.0
2018-01-16 18:30:00,1317.2,1320.22,1292.28,1298.65,6552,50.78423060618904,0.4958327788194197,96623,0.0215625388023308,1.1188219307721283,84.0,1,1,60453.0,3.75,1169.47,3.74,20.43,0.0961811458076701,41.0
2018-01-16 19:30:00,1298.62,1310.09,1298.47,1309.98,7512,48.34068544282317,1.1803995708867203,104135,0.0292450516287128,1.5192602864278797,85.0,1,0,60453.0,3.75,1169.47,3.74,20.43,0.1131544967774041,56.0
2018-01-16 20:30:00,1309.5,1309.71,1303.47,1305.77,3347,41.0079270182896,1.9624860947669749,100788,0.0248948049369036,1.294583412450493,86.0,1,1,60453.0,3.75,1169.47,3.74,20.43,0.1096871617965367,32.0
2018-01-16 21:30:00,1305.78,1306.54,1305.75,1306.27,52,43.48798754984917,2.4596437299966087,100840,0.0242715273540295,1.263423278629034,87.0,1,1,60453.0,3.75,1169.47,3.74,20.43,0.1106481481481481,30.0
2018-01-17 13:30:00,1310.55,1315.8,1309.97,1310.5,501,48.31323195245586,2.508505721421974,101341,0.0264778096250087,1.3797596206436538,88.0,1,0,60453.0,3.75,1169.47,3.74,20.43,0.14619914789522737,22.545074462890625
2018-01-17 14:30:00,1310.57,1313.0,1289.23,1289.24,8293,50.21283989227702,3.8948181206639374,93048,0.0094365015483697,0.4919259100299769,89.0,1,1,60453.0,3.75,1169.47,3.74,20.43,0.080949074074074,36.0
2018-01-17 15:30:00,1289.23,1295.34,1280.72,1291.28,6959,51.2519407198306,4.550917092775068,100007,0.0105964791980241,0.5526346978720085,90.0,1,1,60453.0,3.75,1169.47,3.74,20.43,0.092503624037999,60.0
2018-01-17 16:30:00,1291.78,1294.02,1291.06,1291.44,3910,47.901987590703534,4.824543390442331,103917,0.0102969119865938,0.5372372587398786,91.0,1,1,60453.0,3.75,1169.47,3.74,20.43,0.1471828500054306,31.0
2018-01-17 17:30:00,1291.46,1298.41,1291.06,1297.51,4511,60.227547809247056,4.455940779371442,108428,0.0144469458169046,0.7542083466323675,92.0,1,0,60453.0,3.75,1169.47,3.74,20.43,0.1459429112554112,24.0
2018-01-17 18:30:00,1297.49,1299.77,1292.0,1296.5,4088,53.09734513274323,4.145797357752528,104340,0.0131146822667797,0.6850237055878097,93.0,1,0,60453.0,3.75,1169.47,3.74,20.43,0.1053333333333333,26.0
2018-01-17 19:30:00,1296.5,1299.84,1295.19,1295.46,3553,49.76768650828424,3.881018673316556,100787,0.0118138716815305,0.6173757171334273,94.0,1,0,60453.0,3.75,1169.47,3.74,20.43,0.0813519813519813,26.0
2018-01-17 20:30:00,1295.5,1299.86,1294.58,1295.39,2679,48.95125999698202,3.587805102940975,98108,0.0112928457829642,0.5904198066575645,95.0,1,0,60453.0,3.75,1169.47,3.74,20.43,0.1057392376142376,30.0
2018-01-17 21:30:00,1295.27,1295.27,1294.63,1294.9,32,48.95125999698202,3.31076592204057,98076,0.0104779713045059,0.548050402474928,96.0,1,0,60453.0,3.75,1169.47,3.74,20.43,0.1290216793788222,28.0
2018-01-18 13:30:00,1294.0,1294.2,1289.97,1291.99,280,67.38678853344399,3.205280227964895,97796,0.0078827606659002,0.4124405827701594,97.0,1,0,60453.0,3.75,1169.47,3.74,20.43,0.08947941291181803,13.6884765625
2018-01-18 14:30:00,1292.0,1294.49,1283.99,1290.12,6777,65.90519187358898,3.139174817906431,91019,0.006170496762049,0.3229331089357856,98.0,1,1,60453.0,3.75,1169.47,3.74,20.43,0.0748037975939761,148.0
2018-01-18 15:30:00,1290.38,1304.28,1289.98,1299.0,5820,64.60375575764743,2.4080228613369243,96839,0.0125760201927447,0.6585043595659954,99.0,1,1,60453.0,3.75,1169.47,3.74,20.43,0.0689609229615633,122.0
2018-01-18 16:30:00,1299.03,1304.41,1297.07,1302.57,3773,64.53494269195662,1.6317442309194177,100612,0.0147476598748918,0.7726806591906552,100.0,1,0,60453.0,3.75,1169.47,3.74,20.43,0.1198931409685085,68.0
2018-01-18 17:30:00,1302.58,1303.71,1297.1,1297.39,2526,59.76047904191621,1.422560367363117,98086,0.0102878480434574,0.5392422019676815,101.0,1,1,60453.0,3.75,1169.47,3.74,20.43,0.1219566508682888,58.0
2018-01-18 18:30:00,1297.4,1299.59,1296.37,1298.41,3011,54.2144638403989,1.1808744625108707,101097,0.0106429114300234,0.5580954489494161,102.0,1,0,60453.0,3.75,1169.47,3.74,20.43,0.1488933982683982,38.0
2018-01-18 19:30:00,1298.4,1298.81,1295.22,1295.28,2686,53.64457385382211,1.1936383354197,98411,0.0078822497398329,0.4134642548729061,103.0,1,0,60453.0,3.75,1169.47,3.74,20.43,0.1698179387038083,46.0
2018-01-18 20:30:00,1295.27,1295.75,1290.84,1292.1,2619,53.5003017501508,1.3656876361848114,95792,0.0051946572228888,0.2725440880151382,104.0,1,0,60453.0,3.75,1169.47,3.74,20.43,0.1784649880261583,47.0
2018-01-18 21:30:00,1292.1,1292.1,1290.97,1291.0,41,58.33706523361684,1.4927014295008991,95751,0.0041680451282272,0.218718829661384,105.0,1,1,60453.0,3.75,1169.47,3.74,20.43,0.1533861340679522,44.0
2018-01-19 13:30:00,1297.0,1318.28,1295.87,1309.67,1209,68.20882852292024,0.3197521841292443,96960,0.0179438874235431,0.9422984834002364,106.0,1,0,60453.0,3.75,1169.47,3.74,20.43,0.12618317706312046,24.2406005859375
2018-01-19 14:30:00,1308.27,1310.69,1294.08,1300.64,7464,69.65756393584749,0.1605197360685464,89496,0.010492361546652,0.5512279546394439,107.0,1,0,60453.0,3.75,1169.47,3.74,20.43,0.0638578608088156,144.0
2018-01-19 15:30:00,1300.63,1301.54,1293.47,1297.0,5167,69.65756393584749,0.3006695007255269,84329,0.0073615988118474,0.3868660740652103,108.0,1,0,60453.0,3.75,1169.47,3.74,20.43,0.0892855812220566,61.0
2018-01-19 16:30:00,1297.02,1297.9,1294.15,1296.22,2365,70.94922737306837,0.4379155489372872,81964,0.0064891319359792,0.341106620180426,109.0,1,1,60453.0,3.75,1169.47,3.74,20.43,0.167603797717434,55.0
2018-01-19 17:30:00,1296.22,1297.52,1295.47,1296.53,1805,66.35991820040888,0.4955875876210174,83769,0.0064642194584268,0.3398867527223501,110.0,1,1,60453.0,3.75,1169.47,3.74,20.43,0.0577850877192982,38.0
2018-01-19 18:30:00,1296.56,1302.69,1295.8,1299.47,2606,64.03443017034147,0.331390914971428,86375,0.0084005886810622,0.4418519781058876,111.0,1,0,60453.0,3.75,1169.47,3.74,20.43,0.1313441558441558,35.0
2018-01-19 19:30:00,1299.48,1301.37,1294.99,1295.55,2867,63.880866425992856,0.4737725601323566,83508,0.0051474087228685,0.2707989593566253,112.0,1,0,60453.0,3.75,1169.47,3.74,20.43,0.2016247207653458,39.0
2018-01-19 20:30:00,1295.55,1296.35,1292.96,1294.01,2796,59.83973514916679,0.6478818109890057,80712,0.0037970130368767,0.199787235460235,113.0,1,1,60453.0,3.75,1169.47,3.74,20.43,0.0686868686868686,37.0
2018-01-22 13:30:00,1295.0,1297.13,1294.32,1296.28,200,58.62563466532319,0.5881282629525117,80912,0.0053387898151644,0.2809720497559738,114.0,1,1,60453.0,3.75,1169.47,3.74,20.43,0.043608708252675446,31.709514069839187
2018-01-22 14:30:00,1296.3,1309.48,1296.29,1309.22,6216,72.07088071938657,-0.2973485132406586,87128,0.0147626729136278,0.7774045183928138,115.0,1,1,60453.0,3.75,1169.47,3.74,20.43,0.0734942577883425,49.0
2018-01-22 15:30:00,1309.2,1317.38,1309.2,1313.6,5268,76.12323491656004,-1.1069975364476776,92396,0.0174330901167378,0.9186827725736748,116.0,1,1,60453.0,3.75,1169.47,3.74,20.43,0.1692737427503053,52.0
2018-01-22 16:30:00,1313.58,1316.8,1310.97,1316.25,3344,70.55064437107293,-1.713748423719959,95740,0.0187071790309274,0.9865775658058736,117.0,1,1,60453.0,3.75,1169.47,3.74,20.43,0.0977897061602418,56.0
2018-01-22 17:30:00,1316.23,1319.67,1314.5,1318.62,2908,68.83475516544244,-2.1397448808770685,98648,0.0197200006690339,1.0408294259705144,118.0,1,0,60453.0,3.75,1169.47,3.74,20.43,0.1060169294990723,28.0
2018-01-22 18:30:00,1318.59,1319.21,1314.47,1316.18,2676,74.0098616192146,-2.118276650450941,95972,0.017121780224341,0.9043263112264412,119.0,1,1,60453.0,3.75,1169.47,3.74,20.43,0.0805824549846288,23.0
2018-01-22 19:30:00,1316.17,1323.82,1315.47,1322.99,3352,74.60727350979161,-2.402957032136297,99324,0.0214877504258573,1.135921357845291,120.0,1,1,60453.0,3.75,1169.47,3.74,20.43,0.1124843674843675,27.0
2018-01-22 20:30:00,1323.0,1334.0,1320.73,1333.02,3064,77.36240913811041,-3.064618069137371,102388,0.0280534569889526,1.4847087555767755,121.0,1,1,60453.0,3.75,1169.47,3.74,20.43,0.1032377344877344,49.0
2018-01-22 21:30:00,1333.68,1337.0,1331.67,1335.0,177,76.25789588325019,-3.407160834438744,102565,0.02838752652591,1.5041319416325225,122.0,1,1,60453.0,3.75,1169.47,3.74,20.43,0.0781253311575577,64.0
2018-01-23 13:30:00,1334.79,1337.55,1333.82,1336.95,302,75.25922104720183,-3.522049652950683,102867,0.0286839002058688,1.521616963529368,123.0,1,1,60453.0,3.75,1169.47,3.74,20.43,0.11952499241705927,22.09185791015625
2018-01-23 14:30:00,1337.0,1353.0,1337.0,1351.01,9134,79.60017014036615,-4.253031171529219,112001,0.0378942267210318,2.013318259077096,124.0,1,0,60453.0,3.75,1169.47,3.74,20.43,0.1091532557210523,59.0
2018-01-23 15:30:00,1351.01,1352.91,1347.97,1350.74,5429,77.33038444025227,-4.407647758869942,106572,0.036155454566959,1.9237763665644247,125.0,1,0,60453.0,3.75,1169.47,3.74,20.43,0.1071422953185248,61.0
2018-01-23 16:30:00,1350.49,1351.05,1343.11,1349.09,4335,77.33038444025227,-4.094790419468573,102237,0.0334757088989894,1.7836282737580405,126.0,1,1,60453.0,3.75,1169.47,3.74,20.43,0.1755535630390282,43.0
2018-01-23 17:30:00,1349.06,1351.63,1347.6,1350.57,3625,79.30742693484285,-3.6957464100563513,105862,0.0332071647659527,1.7717212826300963,127.0,1,1,60453.0,3.75,1169.47,3.74,20.43,0.1477860046457607,41.0
2018-01-23 18:30:00,1350.56,1356.25,1350.56,1353.92,4413,60.68198723720756,-3.3745164896546083,110275,0.0343190824498877,1.83361456566422,128.0,1,1,60453.0,3.75,1169.47,3.74,20.43,0.1563612313612314,38.0
2018-01-23 19:30:00,1353.65,1360.61,1352.43,1359.0,4625,54.36379763359137,-3.221611688700316,114900,0.0366469835495446,1.960923798383192,129.0,1,1,60453.0,3.75,1169.47,3.74,20.43,0.0337753727753727,30.0
2018-01-23 20:30:00,1359.19,1365.85,1358.4,1362.98,2864,51.15033177417577,-3.104683199042354,117764,0.038067498938612,2.040103257270175,130.0,1,0,60453.0,3.75,1169.47,3.74,20.43,0.0747330787660976,53.0
2018-01-23 21:30:00,1363.0,1363.0,1359.47,1360.37,107,52.26751238618565,-2.588798943389051,117657,0.0346158139439442,1.857746266789036,131.0,1,1,60453.0,3.75,1169.47,3.74,20.43,0.1045734614484614,37.0
2018-01-24 13:30:00,1374.22,1380.77,1374.22,1375.23,813,57.064644243498485,-2.9588946382495003,118470,0.0440374570974125,2.3676385700523497,132.0,1,0,60453.0,3.75,1169.47,3.74,20.43,0.09209267712015207,25.33331298828125
2018-01-24 14:30:00,1375.22,1386.82,1361.14,1373.98,7475,56.22568093385197,-2.8300578904233653,110995,0.0413289108228049,2.2257703908346684,133.0,1,0,60453.0,3.75,1169.47,3.74,20.43,0.0599449245980936,71.0
2018-01-24 15:30:00,1373.97,1379.14,1357.03,1361.5,8411,56.6849725411882,-1.672131149596467,102584,0.0305823718375867,1.6490735127626976,134.0,1,0,60453.0,3.75,1169.47,3.74,20.43,0.106145689416966,47.0
2018-01-24 16:30:00,1361.47,1362.27,1351.59,1354.97,6820,54.79484173505276,-0.3057951456676271,95764,0.0246092975551311,1.3283255318699505,135.0,1,0,60453.0,3.75,1169.47,3.74,20.43,0.136784743034743,39.0
2018-01-24 17:30:00,1355.35,1356.21,1337.97,1347.1,6464,56.97394846264812,1.205754794234409,89300,0.0179133162542256,0.9676068835613024,136.0,1,1,60453.0,3.75,1169.47,3.74,20.43,0.0284263085399449,33.0
2018-01-24 18:30:00,1347.07,1366.04,1346.54,1365.01,7250,64.2388621135535,1.0811165380811083,96550,0.0301762870152353,1.6320144567548596,137.0,1,0,60453.0,3.75,1169.47,3.74,20.43,0.1087161295494628,42.0
2018-01-24 19:30:00,1365.02,1368.0,1358.5,1359.4,5593,61.692375495813145,1.4360083319294894,90957,0.0248997256988341,1.348013889823278,138.0,1,0,60453.0,3.75,1169.47,3.74,20.43,0.0931140350877192,38.0
2018-01-24 20:30:00,1359.39,1360.87,1353.87,1357.8,2870,60.36417736666783,1.8136744714416224,88087,0.0227431431582878,1.2324055019871594,139.0,1,0,60453.0,3.75,1169.47,3.74,20.43,0.0691849369268724,31.0
2018-01-24 21:30:00,1357.6,1358.0,1357.18,1357.19,41,60.36417736666783,2.1185040283377425,88046,0.0213911070853355,1.160154305830929,140.0,1,1,60453.0,3.75,1169.47,3.74,20.43,0.0524305555555555,24.0
2018-01-25 13:30:00,1370.41,1371.74,1365.98,1365.98,454,61.66238217652098,1.756986818154216,88500,0.026878461064686,1.45936394089631,141.0,1,0,60453.0,3.75,1169.47,3.74,20.43,0.09425726889259015,35.24591064453125
2018-01-25 14:30:00,1365.99,1373.53,1357.58,1361.08,7224,68.7184857652625,1.8664269824872228,81276,0.0222650200356917,1.2099771196844813,142.0,1,1,60453.0,3.75,1169.47,3.74,20.43,0.1331095679012345,54.0
2018-01-25 15:30:00,1361.05,1367.46,1360.42,1366.92,4852,70.55592428993197,1.575661396916857,86128,0.025579381304138,1.3915466444027516,143.0,1,1,60453.0,3.75,1169.47,3.74,20.43,0.1492884442884443,37.0
2018-01-25 16:30:00,1366.92,1373.45,1365.37,1370.41,4067,74.02181818181816,1.1956772719679858,90195,0.0270621511281526,1.4738389328576886,144.0,1,1,60453.0,3.75,1169.47,3.74,20.43,0.0992602849220496,34.0
2018-01-25 17:30:00,1370.44,1373.6,1368.91,1373.14,3430,71.4437989660502,0.8254683248487975,93625,0.0279347821348938,1.5231001511770046,145.0,1,1,60453.0,3.75,1169.47,3.74,20.43,0.0375708739484249,49.0
2018-01-25 18:30:00,1372.99,1377.98,1371.49,1375.99,4622,69.36734183545853,0.4712537056206418,98247,0.0288551232806875,1.5751354393662496,146.0,1,0,60453.0,3.75,1169.47,3.74,20.43,0.1523771645021645,40.0
2018-01-25 19:30:00,1375.97,1376.69,1363.28,1370.85,5598,70.85568326947629,0.6544615882879405,92649,0.0240074384876338,1.3117967946850513,147.0,1,1,60453.0,3.75,1169.47,3.74,20.43,0.105317354214413,51.0
2018-01-25 20:30:00,1370.84,1378.27,1368.54,1375.7,2774,64.83393804074773,0.5258813117109398,95423,0.0265180508881426,1.4505498615601482,148.0,1,1,60453.0,3.75,1169.47,3.74,20.43,0.1446427036320653,47.0
2018-01-25 21:30:00,1375.7,1376.75,1374.98,1376.24,75,62.31768761601703,0.4824741889968376,95498,0.0258379845894521,1.4148420238520885,149.0,1,1,60453.0,3.75,1169.47,3.74,20.43,0.117156862745098,34.0
2018-01-26 13:30:00,1389.05,1394.5,1388.37,1391.75,564,69.11764705882374,-0.4617226614761822,96062,0.0358797609669659,1.9675933170342432,150.0,1,1,60453.0,3.75,1169.47,3.74,20.43,0.12196506333748958,29.357452392578125
2018-01-26 14:30:00,1391.98,1393.33,1380.99,1392.31,8350,61.786838144753226,-0.9658942695817992,104412,0.0348236064541255,1.9123935791112672,151.0,1,1,60453.0,3.75,1169.47,3.74,20.43,0.1491008855562427,42.0
2018-01-26 15:30:00,1392.33,1399.92,1392.3,1397.86,5124,62.035640011418,-1.4840857457059575,109536,0.0373641349509894,2.055044811302878,152.0,1,0,60453.0,3.75,1169.47,3.74,20.43,0.1146381890902163,61.0
2018-01-26 16:30:00,1397.87,1399.9,1391.58,1397.1,4746,62.035640011418,-1.5778281597410135,104790,0.0353060382167745,1.944650897134352,153.0,1,1,60453.0,3.75,1169.47,3.74,20.43,0.0942428529510395,71.0
2018-01-26 17:30:00,1397.07,1399.77,1396.47,1397.8,2729,65.83850931677011,-1.4901975919933843,107519,0.0343715845778575,1.89584105803101,154.0,1,0,60453.0,3.75,1169.47,3.74,20.43,0.0904710368996083,42.0
2018-01-26 18:30:00,1397.51,1399.14,1394.39,1394.39,3286,73.71151850570766,-1.0277926321685449,104233,0.0305610679381678,1.6877688596769076,155.0,1,1,60453.0,3.75,1169.47,3.74,20.43,0.1040885478158205,55.0
2018-01-26 19:30:00,1394.4,1399.39,1393.52,1399.37,3435,74.0049751243783,-0.8878140281784468,107668,0.0328547413108146,1.816875963218763,156.0,1,1,60453.0,3.75,1169.47,3.74,20.43,0.1033520533520533,37.0
2018-01-26 20:30:00,1399.39,1402.5,1398.78,1401.18,2978,60.50968682730381,-0.7529384252554152,110646,0.0328058788058963,1.816606317602464,157.0,1,1,60453.0,3.75,1169.47,3.74,20.43,0.0861796254960317,32.0
2018-01-29 13:30:00,1407.5,1408.97,1403.08,1407.51,479,66.22242515909929,-0.9150714279970488,111125,0.0359493987231448,1.993602148284708,158.0,1,1,60453.0,3.75,1169.47,3.74,20.43,0.09197272099926575,29.45713203833282
2018-01-29 14:30:00,1407.51,1420.18,1400.18,1413.7,8391,64.07692142964211,-1.2438442850220532,119516,0.0388551718253843,2.1581667699206264,159.0,1,0,60453.0,3.75,1169.47,3.74,20.43,0.112562003968254,56.0
2018-01-29 15:30:00,1413.76,1415.09,1404.09,1413.31,6941,67.8723141007136,-1.2370737572751551,112575,0.0370001251378176,2.0582386612964,160.0,1,1,60453.0,3.75,1169.47,3.74,20.43,0.0880902717652717,60.0
2018-01-29 16:30:00,1413.31,1419.86,1411.97,1419.25,5582,53.97315318987859,-1.421492329399609,118157,0.0396722846810913,2.2104645961474034,161.0,1,1,60453.0,3.75,1169.47,3.74,20.43,0.12825311942959,51.0
2018-01-29 17:30:00,1419.26,1430.74,1417.97,1427.99,5966,55.72826954585552,-1.8915265892195825,124123,0.0441880806062581,2.466524808063241,162.0,1,0,60453.0,3.75,1169.47,3.74,20.43,0.0944657687991021,45.0
2018-01-29 18:30:00,1427.56,1428.0,1420.77,1422.21,5261,57.15204005683723,-1.58499560585126,118862,0.0383343802416745,2.143131678335294,163.0,1,0,60453.0,3.75,1169.47,3.74,20.43,0.1098343827889282,66.0
2018-01-29 19:30:00,1422.31,1427.0,1420.79,1421.79,5383,53.87357817893714,-1.1462475857532457,113479,0.0364820552785337,2.042616710557468,164.0,1,0,60453.0,3.75,1169.47,3.74,20.43,0.1363028068730971,44.0
2018-01-29 20:30:00,1421.77,1422.73,1410.97,1417.3,3447,56.37433454749223,-0.3852779628651568,110032,0.0318650481746748,1.7864356630843758,165.0,1,0,60453.0,3.75,1169.47,3.74,20.43,0.1280947275994446,53.0
2018-01-29 21:30:00,1417.3,1417.68,1416.17,1416.97,73,56.00807265388492,0.2731592780369549,109959,0.0303469678716856,1.7034381861008114,166.0,1,0,60453.0,3.75,1169.47,3.74,20.43,0.139859607984608,42.0
2018-01-30 13:30:00,1412.99,1415.0,1395.34,1403.05,1244,56.00807265388492,1.6994743061415871,108715,0.0194165271534304,1.0907543356654514,167.0,1,1,60453.0,3.75,1169.47,3.74,20.43,0.07184153130007928,86.771240234375
2018-01-30 14:30:00,1403.08,1416.85,1391.97,1406.98,8654,55.22062035823509,2.3892917194956507,117369,0.0213798708623118,1.2020973028943445,168.0,1,1,60453.0,3.75,1169.47,3.74,20.43,0.0476082366522366,125.0
2018-01-30 15:30:00,1406.99,1429.48,1406.99,1427.31,8102,62.37093690248565,1.5292699618344212,125471,0.0346718648372798,1.9522111341534585,169.0,1,0,60453.0,3.75,1169.47,3.74,20.43,0.0701117840259254,99.0
2018-01-30 16:30:00,1427.3,1432.04,1423.48,1425.47,6858,63.40157105451092,1.154274890064885,118613,0.0319888346237398,1.803496972029734,170.0,1,0,60453.0,3.75,1169.47,3.74,20.43,0.1229771083427998,94.0
2018-01-30 17:30:00,1425.5,1428.59,1415.98,1421.5,5178,67.32958262462384,1.2362438077676092,113435,0.0279410432765729,1.577085326067845,171.0,1,1,60453.0,3.75,1169.47,3.74,20.43,0.1578098133591555,76.0
2018-01-30 18:30:00,1421.5,1430.02,1421.49,1428.16,4988,63.38269489658551,0.9191325390084356,118423,0.0314321726556118,1.7764153132807223,172.0,1,1,60453.0,3.75,1169.47,3.74,20.43,0.0755711819359778,70.0
2018-01-30 19:30:00,1428.15,1431.0,1422.47,1430.4,5460,61.054673541273175,0.6484882226494335,123883,0.0317127466427078,1.7945951049166524,173.0,1,1,60453.0,3.75,1169.47,3.74,20.43,0.0570556473829201,55.0
2018-01-30 20:30:00,1430.4,1439.08,1428.93,1436.99,3396,55.34034873671892,0.142071240680595,127279,0.0349858849249803,1.9826501988416112,174.0,1,1,60453.0,3.75,1169.47,3.74,20.43,0.0911614250975362,90.0
2018-01-30 21:30:00,1436.98,1437.5,1436.97,1437.1,94,71.22444493295221,-0.0723616129650484,127373,0.0336437459269401,1.909212936142012,175.0,1,1,60453.0,3.75,1169.47,3.74,20.43,0.1124952712452712,74.0
2018-01-31 13:30:00,1450.99,1456.87,1449.97,1455.0,637,65.93005205004116,-1.2276948596917985,128010,0.044612802565448,2.5363026249206087,176.0,1,1,60453.0,3.75,1169.47,3.74,20.43,0.10730719760722232,36.304901123046875
2018-01-31 14:30:00,1454.21,1464.6,1452.84,1461.22,5816,63.39256225642378,-2.1640132883285013,133826,0.0470632081984456,2.68076134551211,177.0,1,0,60453.0,3.75,1169.47,3.74,20.43,0.1197708358960691,67.0
2018-01-31 15:30:00,1461.6,1464.29,1455.41,1455.85,6539,61.23269316659216,-2.1693951651200862,127287,0.041450277409131,2.365045214315387,178.0,1,1,60453.0,3.75,1169.47,3.74,20.43,0.0637146562146562,74.0
2018-01-31 16:30:00,1455.82,1462.45,1454.74,1461.82,4950,62.56708407871192,-2.3097497368668485,132237,0.0438493502767246,2.506415990224696,179.0,1,1,60453.0,3.75,1169.47,3.74,20.43,0.1378512061234909,61.0
2018-01-31 17:30:00,1461.84,1468.5,1460.49,1468.04,3987,55.68040601927755,-2.5380349894693826,136224,0.0463094380807845,2.652046735706108,180.0,1,0,60453.0,3.75,1169.47,3.74,20.43,0.1149740321938598,58.0
2018-01-31 18:30:00,1468.03,1472.49,1465.04,1468.0,5572,55.68040601927755,-2.404183128535749,130652,0.0443854338409499,2.5464762754822914,181.0,1,0,60453.0,3.75,1169.47,3.74,20.43,0.112273904146855,61.0
2018-01-31 19:30:00,1468.0,1470.1,1453.67,1457.9,6473,59.082962735776704,-1.4028821586576186,124179,0.0356890627555349,2.050536029385057,182.0,1,0,60453.0,3.75,1169.47,3.74,20.43,0.12751652546207,101.0
2018-01-31 20:30:00,1457.91,1459.5,1447.06,1451.51,3592,53.85972193401123,-0.1439368245370467,120587,0.0298915524546962,1.7195346164680814,183.0,1,0,60453.0,3.75,1169.47,3.74,20.43,0.0909911775316186,68.0
2018-01-31 21:30:00,1451.51,1452.0,1444.38,1447.0,353,50.0938207005994,1.0908498641278968,120234,0.0256180237671516,1.475239141312386,184.0,1,0,60453.0,3.75,1169.47,3.74,20.43,0.0665973470973471,65.0
2018-02-01 13:30:00,1456.11,1456.12,1435.98,1445.51,1465,49.63948973932333,2.0505492110178203,118769,0.0235760062388282,1.3589552534178893,185.0,1,0,60453.0,3.75,1169.47,3.74,20.43,0.12125490147862132,39.761749267578125
2018-02-01 14:30:00,1445.5,1459.5,1430.97,1430.97,7641,49.03849627319468,3.6156670122039927,111128,0.0127526970800034,0.7354668121072336,186.0,1,1,60453.0,3.75,1169.47,3.74,20.43,0.1103493796967822,77.0
2018-02-01 15:30:00,1431.2,1445.33,1422.01,1433.1,6746,48.97767275883678,4.40612201793021,117874,0.0136932999257622,0.7901543881030193,187.0,1,0,60453.0,3.75,1169.47,3.74,20.43,0.0821351646719293,68.0
2018-02-01 16:30:00,1433.16,1436.87,1430.0,1431.07,5502,48.88616477152635,4.92503547174501,112372,0.0117710533342981,0.6795600983734857,188.0,1,1,60453.0,3.75,1169.47,3.74,20.43,0.0751654791967292,60.0
2018-02-01 17:30:00,1431.09,1439.67,1431.09,1436.66,5240,49.28087749734185,4.749033890380195,117612,0.0150972961012918,0.8721263690254091,189.0,1,0,60453.0,3.75,1169.47,3.74,20.43,0.073515699668297,77.0
2018-02-01 18:30:00,1436.61,1437.38,1421.23,1422.95,5851,40.85685247439608,5.367556224243939,111761,0.0051969858694759,0.3002782761225262,190.0,0,0,60453.0,3.75,1169.47,3.74,20.43,0.0809122094711717,53.0
2018-02-01 19:30:00,1422.82,1428.47,1415.17,1415.3,6307,39.1609767062857,6.052678003770893,105454,-0.000198988794116,-0.0114973425488642,1.0,1,1,60453.0,3.75,1169.47,3.74,20.43,0.1051189489763708,96.0
2018-02-01 20:30:00,1415.32,1456.0,1380.28,1455.97,7534,57.94277594075369,3.646163016630181,112988,0.0273817408815514,1.5838554944136831,1.0,1,1,60453.0,3.75,1169.47,3.74,20.43,0.0566928119311697,204.0
2018-02-01 21:30:00,1455.0,1481.91,1454.97,1469.97,2103,57.2145052536275,1.1217302422620945,115091,0.0357471806249727,2.0707631220839176,2.0,1,1,60453.0,3.75,1169.47,3.74,20.43,0.0629841902888777,442.0
2018-02-02 13:30:00,1466.63,1472.0,1458.98,1472.0,1945,57.51492270802509,-0.5829353934605654,117036,0.0356675838244379,2.0691645682766198,3.0,1,1,60453.0,3.75,1169.47,3.74,20.43,0.10576854918926334,78.17990112304688
2018-02-02 14:30:00,1477.34,1497.61,1434.31,1474.28,10111,55.2712808932899,-1.6990512670351157,127147,0.0357578408966866,2.0774326244224994,4.0,1,0,60453.0,3.75,1169.47,3.74,20.43,0.0800513681155215,189.0
2018-02-02 15:30:00,1474.3,1481.0,1462.08,1464.08,7624,49.33249510003326,-1.5874499874470749,119523,0.027439799684018,1.595964678366954,5.0,1,1,60453.0,3.75,1169.47,3.74,20.43,0.080157734048359,130.0
2018-02-02 16:30:00,1464.08,1469.65,1450.18,1468.22,6755,46.9878119558909,-1.6237168840946996,126278,0.0291204483227683,1.6957307694112842,6.0,1,0,60453.0,3.75,1169.47,3.74,20.43,0.1533467532467532,75.0
2018-02-02 17:30:00,1468.23,1472.66,1449.09,1456.28,6250,47.71334276284773,-0.7208747048628261,120028,0.0199213465282451,1.160996229434204,7.0,1,0,60453.0,3.75,1169.47,3.74,20.43,0.1129928062133944,85.0
2018-02-02 18:30:00,1456.37,1458.5,1444.52,1444.52,6403,47.76803776129472,0.7134102104364359,113625,0.0112217225465716,0.654290494946963,8.0,1,0,60453.0,3.75,1169.47,3.74,20.43,0.1380460648847276,86.0
2018-02-02 19:30:00,1444.52,1451.88,1413.98,1435.19,7380,48.064592733317546,2.2489026223874937,106245,0.0045055857033938,0.2627496912232345,9.0,1,0,60453.0,3.75,1169.47,3.74,20.43,0.0451207160063285,113.0
2018-02-02 20:30:00,1435.18,1440.16,1427.98,1429.84,3753,51.15396069088753,3.50821687703282,102492,0.0007311933301267,0.0426418601948626,10.0,0,0,60453.0,3.75,1169.47,3.74,20.43,0.0359182346032995,77.0
2018-02-05 13:30:00,1402.0,1412.0,1401.97,1408.44,1191,49.46605553022496,5.544690247363791,101301,-0.0136954265175644,-0.7982460558910134,1.0,1,1,60453.0,3.75,1169.47,3.74,20.43,0.07045825250255416,37.85356473501156
2018-02-05 14:30:00,1404.5,1457.57,1387.21,1448.56,9993,55.03726370334042,4.022816447435197,111294,0.0138273609356525,0.8063910443399891,1.0,1,1,60453.0,3.75,1169.47,3.74,20.43,0.0758034747990105,56.0
2018-02-05 15:30:00,1448.59,1458.37,1432.8,1449.96,8251,50.78652897241626,2.812269847801536,119545,0.0142182710461816,0.8296698269148237,2.0,1,0,60453.0,3.75,1169.47,3.74,20.43,0.0763502939054409,68.0
2018-02-05 16:30:00,1449.96,1449.96,1435.0,1442.48,6242,48.69785364582369,2.4206070818429954,113303,0.0086307194973395,0.5038004219377399,3.0,1,0,60453.0,3.75,1169.47,3.74,20.43,0.1442440705238324,63.0
2018-02-05 17:30:00,1442.5,1451.55,1428.98,1432.46,6623,39.733741899418256,2.719316260718046,106680,0.0015605959215867,0.0911023661756189,4.0,1,1,60453.0,3.75,1169.47,3.74,20.43,0.0779610389610389,35.0
2018-02-05 18:30:00,1432.71,1449.76,1431.29,1434.06,6758,33.94884960995361,2.687319245757204,113438,0.0025739576965192,0.1502748224038441,5.0,0,0,60453.0,3.75,1169.47,3.74,20.43,0.1124878413767302,54.0
2018-02-05 19:30:00,1433.0,1438.89,1320.39,1416.25,8633,35.78630176568322,3.682295242291567,104805,-0.0094936265644805,-0.5540496804355826,1.0,0,0,60453.0,3.75,1169.47,3.74,20.43,0.080026994243264,63.0
2018-02-05 20:30:00,1415.6,1416.61,1377.52,1380.97,4804,37.31249013105959,6.375301631985218,100001,-0.0328721132605209,-1.915851653751588,2.0,0,1,60453.0,3.75,1169.47,3.74,20.43,0.0823343644728124,81.0
2018-02-05 21:30:00,1381.0,1383.77,1377.52,1381.11,407,33.65083121339403,7.716476476433895,100408,-0.0315293335085422,-1.835230020271183,3.0,0,0,60453.0,3.75,1169.47,3.74,20.43,0.1048141339869281,34.0
2018-02-06 13:30:00,1358.0,1386.0,1354.0,1354.0,1722,36.65273384545856,9.861486824378368,98686,-0.0486540641029139,-2.826397470456868,4.0,0,1,60453.0,3.75,1169.47,3.74,20.43,0.09805934211085818,25.833709716796875
2018-02-06 14:30:00,1352.0,1423.78,1351.66,1389.2,10171,45.63794825062284,8.398925750406914,108857,-0.0230053489099925,-1.335166197105309,5.0,0,1,60453.0,3.75,1169.47,3.74,20.43,0.0966559856265738,51.0
2018-02-06 15:30:00,1389.22,1409.9,1376.08,1397.01,8590,43.80299568418377,6.480701628968685,117447,-0.0168375322824182,-0.9765322285916228,6.0,0,1,60453.0,3.75,1169.47,3.74,20.43,0.0343867243867243,56.0
2018-02-06 16:30:00,1396.99,1416.25,1390.01,1414.9,7376,42.4997143836399,3.719380333993964,124823,-0.004081352873819,-0.236668219627063,7.0,0,1,60453.0,3.75,1169.47,3.74,20.43,0.1548375821709155,45.0
2018-02-06 17:30:00,1414.88,1421.22,1405.52,1418.67,7293,44.57031949013724,1.4670032822734314,132116,-0.0013718158365568,-0.0795439757200711,8.0,0,0,60453.0,3.75,1169.47,3.74,20.43,0.1508258303321329,34.0
2018-02-06 18:30:00,1418.03,1418.6,1401.47,1404.22,6584,44.87621930430009,0.8111101867974462,125532,-0.0110957784231211,-0.6430912707901371,9.0,1,1,60453.0,3.75,1169.47,3.74,20.43,0.1208691378066378,20.0
2018-02-06 19:30:00,1404.23,1430.3,1401.47,1429.68,7102,51.18257147560778,-1.3585663412111142,132634,0.0065643420090392,0.3805593672800569,1.0,1,1,60453.0,3.75,1169.47,3.74,20.43,0.1217424637983848,38.0
2018-02-06 20:30:00,1429.67,1444.17,1425.48,1440.0,4628,51.45432268676254,-3.394019091353014,137262,0.0132805639244519,0.7703413528770398,2.0,1,0,60453.0,3.75,1169.47,3.74,20.43,0.0797855126899244,51.0
2018-02-06 21:30:00,1440.0,1441.0,1433.04,1433.99,183,58.55824881095633,-4.188763075095175,137079,0.0086934772912274,0.5044456135485689,3.0,1,1,60453.0,3.75,1169.47,3.74,20.43,0.1900498575498575,39.0
2018-02-07 13:30:00,1442.99,1448.5,1438.07,1448.5,703,60.39434870361743,-5.464184470891377,137782,0.0181454353890149,1.053683040468286,4.0,1,0,60453.0,3.75,1169.47,3.74,20.43,0.10691018780040748,21.457916259765625
2018-02-07 14:30:00,1449.46,1460.0,1443.57,1448.49,8447,60.39277415486095,-6.034938998860612,129335,0.0174147091114207,1.0119699800577564,5.0,1,1,60453.0,3.75,1169.47,3.74,20.43,0.1486695091748283,47.0
2018-02-07 15:30:00,1448.49,1459.75,1446.97,1456.5,6643,60.505605897711526,-6.632164907354561,135978,0.0221173578414271,1.2864025298592878,6.0,1,0,60453.0,3.75,1169.47,3.74,20.43,0.1180589053803339,35.0
2018-02-07 16:30:00,1456.5,1458.48,1444.97,1448.48,5886,60.505605897711526,-6.176561798963686,130092,0.015832347180531,0.9214455679041292,7.0,1,0,60453.0,3.75,1169.47,3.74,20.43,0.1608526936026936,24.0
2018-02-07 17:30:00,1448.45,1450.28,1420.48,1431.77,7119,61.395975835039216,-4.516296194961703,122973,0.0039515204834335,0.2300163299471478,8.0,1,1,60453.0,3.75,1169.47,3.74,20.43,0.1490676032977862,41.0
2018-02-07 18:30:00,1431.75,1442.53,1428.2,1435.73,5587,56.186091806471616,-3.4968229018518446,128560,0.0064626985662858,0.3762901993609375,9.0,1,0,60453.0,3.75,1169.47,3.74,20.43,0.0747641093474426,36.0
2018-02-07 19:30:00,1435.7,1436.34,1418.99,1429.91,6235,53.48251454691745,-2.3003215707593103,122325,0.0022891562477404,0.1332984268369728,10.0,0,0,60453.0,3.75,1169.47,3.74,20.43,0.1207594048989354,29.0
2018-02-07 20:30:00,1429.88,1434.65,1413.97,1414.88,3776,52.90264828438327,-0.462581490035019,118549,-0.0079252445313395,-0.4613407271565393,1.0,0,0,60453.0,3.75,1169.47,3.74,20.43,0.1801680760688113,34.0
2018-02-07 21:30:00,1413.98,1414.0,1407.97,1409.5,266,53.09313392250168,1.065951105292187,118283,-0.0112439822542699,-0.6542293260918086,2.0,1,1,60453.0,3.75,1169.47,3.74,20.43,0.1765151515151515,33.0
2018-02-08 13:30:00,1434.48,1436.3,1425.03,1429.99,477,57.78741342204335,0.667157753538005,118760,0.0030065333701628,0.174956137676645,1.0,0,0,60453.0,3.75,1169.47,3.74,20.43,0.14366216015515085,34.2236328125
2018-02-08 14:30:00,1430.0,1431.62,1405.97,1409.65,8074,56.30209219254974,1.685413869337718,110686,-0.010823313340422,-0.6295519461539243,1.0,0,0,60453.0,3.75,1169.47,3.74,20.43,0.1699887461572244,46.0
2018-02-08 15:30:00,1409.67,1411.98,1382.98,1387.99,7861,52.464170698575934,3.618868387518713,102825,-0.0250275730928577,-1.4542753992457165,2.0,0,0,60453.0,3.75,1169.47,3.74,20.43,0.1621653632702327,55.0
2018-02-08 16:30:00,1388.02,1400.42,1381.02,1387.24,6969,54.492432631967496,4.681921169743188,95856,-0.0245768951897197,-1.4266567561380723,3.0,0,0,60453.0,3.75,1169.47,3.74,20.43,0.100535706510922,58.0
2018-02-08 17:30:00,1387.26,1392.89,1366.97,1374.23,7224,51.24372681649573,5.915429535901783,88632,-0.032445109955959,-1.8809055107992665,4.0,0,0,60453.0,3.75,1169.47,3.74,20.43,0.043434895150094,44.0
2018-02-08 18:30:00,1374.23,1391.5,1372.99,1374.01,6926,46.1374458105323,6.36140323225816,81706,-0.0313616676389587,-1.8157719613561767,5.0,0,0,60453.0,3.75,1169.47,3.74,20.43,0.0802779083124478,38.0
2018-02-08 19:30:00,1373.99,1378.0,1366.28,1370.13,7322,42.59423285109733,6.50946050139186,74384,-0.0328036856628162,-1.8967220805188845,6.0,0,0,60453.0,3.75,1169.47,3.74,20.43,0.18859387359595,43.0
2018-02-08 20:30:00,1370.21,1373.15,1348.97,1352.5,4720,44.22283243172142,7.325684619123015,69664,-0.0435517914587509,-2.5137133714788438,7.0,0,0,60453.0,3.75,1169.47,3.74,20.43,0.1475417049280685,33.0
2018-02-08 21:30:00,1352.5,1352.5,1348.01,1348.35,351,44.22283243172142,7.640956130671695,69313,-0.0447451178636434,-2.5778814745578984,8.0,0,1,60453.0,3.75,1169.47,3.74,20.43,0.1083766619183285,39.0
2018-02-09 13:30:00,1369.2,1376.28,1366.97,1372.01,1138,51.79188511265895,5.83352868473564,70451,-0.0269150713683845,-1.5489449461440472,9.0,0,0,60453.0,3.75,1169.47,3.74,20.43,0.07917153596335316,50.343414306640625
2018-02-09 14:30:00,1372.01,1383.0,1331.97,1345.81,7778,60.89001946151374,5.959035915183209,62673,-0.0437910994453326,-2.515652987471867,10.0,0,0,60453.0,3.75,1169.47,3.74,20.43,0.1377950447230108,59.0
2018-02-09 15:30:00,1345.96,1350.7,1311.97,1322.48,6918,58.195478811045966,7.092751313813633,55755,-0.0581375415729502,-3.331901889923984,11.0,0,0,60453.0,3.75,1169.47,3.74,20.43,0.1247484118185338,82.0
2018-02-09 16:30:00,1323.43,1330.01,1281.03,1284.04,6729,58.07109269672163,9.74707991077564,49026,-0.0824372350068958,-4.708690051103304,12.0,0,1,60453.0,3.75,1169.47,3.74,20.43,0.0959248718584656,80.0
2018-02-09 17:30:00,1284.02,1299.48,1265.86,1285.67,7096,45.62812353167326,10.635965754233744,56122,-0.078334963187023,-4.460113970667862,13.0,0,1,60453.0,3.75,1169.47,3.74,20.43,0.1134808723573604,84.0
2018-02-09 18:30:00,1285.65,1342.63,1278.86,1321.12,7323,49.60594552656294,8.189154509675124,63445,-0.0509521165843905,-2.8950114620142813,14.0,0,1,60453.0,3.75,1169.47,3.74,20.43,0.0515554973910952,69.0
2018-02-09 19:30:00,1321.15,1329.54,1308.27,1325.0,5216,47.163293110159664,5.775917749243355,68661,-0.0463636104727005,-2.6293247380135654,15.0,0,1,60453.0,3.75,1169.47,3.74,20.43,0.1043148358871262,79.0
2018-02-09 20:30:00,1325.68,1348.33,1324.76,1338.47,3738,42.78200843696935,2.8850548027727925,72399,-0.0352816454769406,-1.9979786698563655,16.0,0,1,60453.0,3.75,1169.47,3.74,20.43,0.0741883680555555,48.0
2018-02-12 13:30:00,1363.51,1365.6,1350.97,1364.31,1175,45.33320538432688,-0.9496312962781844,73574,-0.0160143938179718,-0.9062932318227012,17.0,0,0,60453.0,3.75,1169.47,3.74,20.43,0.09608245801720418,25.239098206245252
2018-02-12 14:30:00,1364.33,1366.32,1343.97,1350.65,8530,51.34526267945903,-2.651904758030188,65044,-0.0248773033680773,-1.4064385952806333,18.0,0,1,60453.0,3.75,1169.47,3.74,20.43,0.1002856608412164,57.0
2018-02-12 15:30:00,1350.63,1371.51,1345.97,1369.03,7638,54.33464383287807,-4.96706102403164,72682,-0.0111574573037392,-0.6304998268381041,19.0,0,1,60453.0,3.75,1169.47,3.74,20.43,0.0740638641582037,53.0
2018-02-12 16:30:00,1369.08,1386.6,1368.69,1380.58,7372,74.64034794245583,-7.097800460463809,80054,-0.0027048664001878,-0.152833166962182,20.0,0,0,60453.0,3.75,1169.47,3.74,20.43,0.1818873409753512,49.0
2018-02-12 17:30:00,1380.61,1382.19,1374.22,1377.77,5156,74.64034794245583,-8.06865514332371,74898,-0.00454990624608,-0.2570357878657887,21.0,1,1,60453.0,3.75,1169.47,3.74,20.43,0.0285755428984595,54.0
2018-02-12 18:30:00,1377.77,1389.12,1377.14,1387.99,5572,75.32570735481725,-9.074776788960698,80470,0.0027226824892968,0.1538283606780623,1.0,1,1,60453.0,3.75,1169.47,3.74,20.43,0.0050887440704251,58.0
2018-02-12 19:30:00,1388.0,1392.73,1383.48,1391.23,6135,71.35808880810197,-9.584129979042366,86605,0.0048638203692713,0.2748546994748722,2.0,1,0,60453.0,3.75,1169.47,3.74,20.43,-0.004173721340388,45.0
2018-02-12 20:30:00,1391.26,1393.38,1379.97,1387.4,3976,71.35808880810197,-9.282382135212815,82629,0.002015051352314,0.1138800053779505,3.0,1,1,60453.0,3.75,1169.47,3.74,20.43,-0.0126774212100299,46.0
2018-02-12 21:30:00,1387.41,1389.0,1387.28,1388.22,80,69.29800144741986,-8.763665707787155,82709,0.0025047736861187,0.1415709855591558,4.0,1,0,60453.0,3.75,1169.47,3.74,20.43,0.2243103467712842,42.0
2018-02-13 13:30:00,1385.99,1390.5,1383.42,1385.78,951,76.20913432104824,-7.90812979690619,81758,0.0007135774542269,0.0403329076941645,5.0,1,1,60453.0,3.75,1169.47,3.74,20.43,0.07706590343989944,37.7210693359375
2018-02-13 14:30:00,1385.93,1419.43,1383.42,1414.81,8977,79.62671699695932,-8.876648218112468,90735,0.0208092483254707,1.1771825975883985,6.0,1,0,60453.0,3.75,1169.47,3.74,20.43,0.0914211333767785,62.0
2018-02-13 15:30:00,1414.82,1417.58,1406.57,1411.33,6583,76.90021399698831,-8.842733293262988,84152,0.0175681799477005,0.9945479859181888,7.0,1,0,60453.0,3.75,1169.47,3.74,20.43,0.1020141962537512,69.0
2018-02-13 16:30:00,1411.36,1412.72,1401.53,1404.46,4837,73.62464839406023,-7.945794185651261,79315,0.0121142181707548,0.6861343394116375,8.0,1,1,60453.0,3.75,1169.47,3.74,20.43,0.1042031296063554,62.0
2018-02-13 17:30:00,1404.01,1413.0,1398.97,1410.37,4970,72.25242584818652,-7.35242694135522,84285,0.0157210368348712,0.8909918162976282,9.0,1,1,60453.0,3.75,1169.47,3.74,20.43,0.1414709166494881,35.0
2018-02-13 18:30:00,1410.37,1415.57,1408.47,1413.22,4393,67.037279267495,-6.768398231735296,88678,0.0170646552768555,0.9678156666388986,10.0,1,1,60453.0,3.75,1169.47,3.74,20.43,0.093812925170068,35.0
2018-02-13 19:30:00,1413.42,1417.03,1410.04,1413.56,4933,63.133278383714256,-6.045229599894428,93611,0.0166192671023767,0.9431954444178244,11.0,1,1,60453.0,3.75,1169.47,3.74,20.43,0.1108964923964924,52.0
2018-02-13 20:30:00,1413.53,1417.57,1412.97,1414.09,2787,57.28752581669569,-5.271107510097376,96398,0.0163228721502287,0.9269917014994462,12.0,1,1,60453.0,3.75,1169.47,3.74,20.43,0.1297865013774105,44.0
2018-02-13 21:30:00,1414.1,1414.98,1413.98,1414.42,79,48.40087225149909,-4.480852086094611,96477,0.0159003074919959,0.9035802622249776,13.0,1,0,60453.0,3.75,1169.47,3.74,20.43,0.1270161616161616,25.0
2018-02-14 13:30:00,1421.91,1421.91,1399.97,1405.84,1874,48.40087225149909,-3.143082943025089,94603,0.009352319589394,0.5316751539021425,14.0,1,1,60453.0,3.75,1169.47,3.74,20.43,0.14401215644823978,22.489776611328125
2018-02-14 14:30:00,1405.83,1435.34,1403.65,1434.15,8807,50.65124037335413,-3.879340773412329,103410,0.0284810841776001,1.6210212262983532,15.0,1,1,60453.0,3.75,1169.47,3.74,20.43,0.1088289678245035,42.0
2018-02-14 15:30:00,1434.16,1437.21,1429.47,1436.28,7105,47.63680748626795,-4.197374437026262,110515,0.0287978877835887,1.6409811782082215,16.0,1,1,60453.0,3.75,1169.47,3.74,20.43,0.1422848849826389,64.0
2018-02-14 16:30:00,1436.26,1442.0,1430.97,1436.97,5315,45.25966568840074,-4.135137343802029,115830,0.0281111276803922,1.603687798670535,17.0,1,1,60453.0,3.75,1169.47,3.74,20.43,0.0774567483344079,47.0
2018-02-14 17:30:00,1436.92,1440.92,1436.15,1438.47,4084,51.96633289798247,-3.880083971762792,119914,0.0280077967865071,1.5996216104874748,18.0,1,1,60453.0,3.75,1169.47,3.74,20.43,0.0828650210084033,34.0
2018-02-14 18:30:00,1438.48,1444.74,1438.14,1441.75,4538,55.558302838492544,-3.622299356215788,124452,0.0291269227488818,1.6655188022330094,19.0,1,1,60453.0,3.75,1169.47,3.74,20.43,0.072477709040209,37.0
2018-02-14 19:30:00,1441.75,1449.93,1441.27,1447.94,4936,46.49321266968312,-3.553769794427737,129388,0.0321875220098874,1.842949437439529,20.0,1,1,60453.0,3.75,1169.47,3.74,20.43,0.0757440476190476,24.0
2018-02-14 20:30:00,1447.94,1451.96,1446.39,1448.79,3049,44.73661959922194,-3.2585679817231146,132437,0.031466973235523,1.8040102438144456,21.0,1,1,60453.0,3.75,1169.47,3.74,20.43,0.2334868125701458,45.0
2018-02-14 21:30:00,1449.0,1450.13,1448.79,1449.0,79,51.29393588258023,-2.788497119921073,132516,0.0303390046161929,1.7415000381747632,22.0,1,1,60453.0,3.75,1169.47,3.74,20.43,0.0993518518518518,30.0
2018-02-15 13:30:00,1461.0,1466.05,1460.0,1465.0,712,57.98373287671257,-3.234788979941809,133228,0.0400147219211491,2.300656899422848,23.0,1,0,60453.0,3.75,1169.47,3.74,20.43,0.09987198925278373,31.255401611328125
2018-02-15 14:30:00,1464.99,1468.37,1450.97,1460.34,7949,58.8074824629776,-2.9061982114515104,125279,0.0352163865643797,2.027689962190607,24.0,1,0,60453.0,3.75,1169.47,3.74,20.43,0.1316049122174122,50.0
2018-02-15 15:30:00,1460.34,1461.75,1436.7,1457.24,7290,67.37196576399629,-2.2020830364046557,117989,0.0316829549387413,1.8266040813202835,25.0,1,1,60453.0,3.75,1169.47,3.74,20.43,0.1097839197839198,52.0
2018-02-15 16:30:00,1457.23,1460.74,1453.99,1459.44,5500,64.83310913065415,-1.6327219449739978,123489,0.0318953642854557,1.8412470585235496,26.0,1,1,60453.0,3.75,1169.47,3.74,20.43,0.0117473812196034,45.0
2018-02-15 17:30:00,1459.47,1465.01,1458.39,1461.1,4455,65.31788312845913,-1.1394861097310844,127944,0.0317310895681298,1.8341393307382527,27.0,1,1,60453.0,3.75,1169.47,3.74,20.43,0.0964462481962481,35.0
2018-02-15 18:30:00,1461.08,1462.75,1458.04,1462.22,4130,61.625672559569566,-0.6827616899922333,132074,0.0312067874961869,1.8061338667876043,28.0,1,0,60453.0,3.75,1169.47,3.74,20.43,0.118186553030303,32.0
2018-02-15 19:30:00,1462.19,1464.77,1458.38,1459.41,3730,49.460485448061576,-0.0205045961287027,128344,0.0280468552758967,1.62510900926668,29.0,1,1,60453.0,3.75,1169.47,3.74,20.43,0.0648077441077441,25.0
2018-02-15 20:30:00,1459.42,1462.75,1456.25,1462.0,2867,44.59639759839885,0.3912911343653036,131211,0.028666314802678,1.6629478716481572,30.0,1,0,60453.0,3.75,1169.47,3.74,20.43,0.1524027777777777,20.0
2018-02-15 21:30:00,1462.0,1463.28,1461.49,1462.0,80,44.12259423856643,0.7889114395319226,131211,0.0275112183302099,1.5977342296228016,31.0,1,0,60453.0,3.75,1169.47,3.74,20.43,0.1351910366419295,28.0
2018-02-16 13:30:00,1460.0,1461.99,1453.97,1457.36,679,49.54337899543378,1.4511188206567385,130532,0.0232770471682318,1.3531172010102637,32.0,1,1,60453.0,3.75,1169.47,3.74,20.43,0.13124093215594745,31.760467529296875
2018-02-16 14:30:00,1457.34,1465.58,1453.7,1461.34,6379,51.664899257688,1.6910345944926526,136911,0.0250235821163844,1.456132212735156,33.0,1,0,60453.0,3.75,1169.47,3.74,20.43,0.1072326438993105,27.0
2018-02-16 15:30:00,1461.31,1464.21,1455.97,1456.58,4406,50.54770318021182,2.207601560585605,132505,0.0208167027201568,1.2123623220397803,34.0,1,1,60453.0,3.75,1169.47,3.74,20.43,0.1041454913720538,32.0
2018-02-16 16:30:00,1456.57,1458.92,1454.19,1458.9,4451,51.79955226450838,2.413628210074652,136956,0.021543567351401,1.2557990937245904,35.0,1,0,60453.0,3.75,1169.47,3.74,20.43,0.114240091804747,29.0
2018-02-16 17:30:00,1458.91,1460.99,1449.06,1450.18,4878,54.55707762557077,3.113259809502237,132078,0.0148233193621105,0.8645912861272791,36.0,1,1,60453.0,3.75,1169.47,3.74,20.43,0.0999692118226601,29.0
2018-02-16 18:30:00,1450.21,1455.7,1446.63,1450.44,5509,35.905906269285225,3.5054192143699083,137587,0.0144083448547164,0.8408818239265656,37.0,1,0,60453.0,3.75,1169.47,3.74,20.43,0.027699949227727,27.0
2018-02-16 19:30:00,1450.42,1453.65,1448.01,1450.16,5042,35.905906269285225,3.710775339396333,132545,0.0136475583440414,0.7969256739686443,38.0,1,0,60453.0,3.75,1169.47,3.74,20.43,0.0747195640616693,38.0
2018-02-16 20:30:00,1450.14,1451.28,1447.99,1448.58,2787,35.43256313809778,3.8627870355421337,129758,0.0120453405528443,0.703712902440202,39.0,1,0,60453.0,3.75,1169.47,3.74,20.43,0.1365677609427609,30.0
2018-02-20 13:30:00,1443.0,1447.94,1442.97,1446.49,276,22.9998072103336,3.997137708351119,129482,0.010165844805878,0.5941555337171849,40.0,1,1,60453.0,3.75,1169.47,3.74,20.43,0.09128808684359489,24.256372704534414
2018-02-20 14:30:00,1447.59,1469.3,1446.48,1464.0,6785,41.0218546958064,2.8534394134094097,136267,0.021496991536068,1.2575219833754545,41.0,1,1,60453.0,3.75,1169.47,3.74,20.43,0.1230385908572183,51.0
2018-02-20 15:30:00,1463.94,1474.93,1462.73,1474.0,5457,47.17944318133071,1.4414064295535187,141724,0.027327270847403,1.6003642585369562,42.0,1,1,60453.0,3.75,1169.47,3.74,20.43,0.0990740164542247,60.0
2018-02-20 16:30:00,1473.95,1479.85,1471.97,1477.8,4244,46.31056848531093,0.3275918223303478,145968,0.0287664053860099,1.6866244836924125,43.0,1,1,60453.0,3.75,1169.47,3.74,20.43,0.0965306337181337,84.0
2018-02-20 17:30:00,1477.8,1484.86,1477.34,1480.67,4097,49.03943377148647,-0.4823135023450611,150065,0.0295222859580652,1.733031366684827,44.0,1,0,60453.0,3.75,1169.47,3.74,20.43,0.06419095289631,56.0
2018-02-20 18:30:00,1480.67,1488.5,1479.49,1480.21,4350,52.3758099352053,-0.8456656904492856,145715,0.0280251559715454,1.6470301366189233,45.0,1,0,60453.0,3.75,1169.47,3.74,20.43,0.06975518000518,39.0
2018-02-20 19:30:00,1480.23,1483.5,1453.97,1458.16,5521,47.079760556544194,0.4696713033811051,140194,0.0122065824060333,0.7177348371437802,46.0,1,1,60453.0,3.75,1169.47,3.74,20.43,0.1046393911099793,51.0
2018-02-20 20:30:00,1458.15,1471.02,1458.14,1468.35,3665,46.28922136501436,0.7096740587399726,143859,0.018510065085834,1.0891962160790172,47.0,1,1,60453.0,3.75,1169.47,3.74,20.43,0.0736678708380097,54.0
2018-02-20 21:30:00,1468.35,1470.0,1467.99,1468.97,54,38.05295576353884,0.8722143570920444,143913,0.0181838674713488,1.0707963644681513,48.0,1,1,60453.0,3.75,1169.47,3.74,20.43,0.0578303872053871,36.0
2018-02-21 13:30:00,1482.97,1488.05,1482.97,1484.5,787,47.2701819878674,0.0241727365929342,144700,0.0277813821464994,1.6378239580185436,49.0,1,1,60453.0,3.75,1169.47,3.74,20.43,0.08683443992123549,37.92401123046875
2018-02-21 14:30:00,1484.5,1494.29,1478.71,1494.05,7631,45.98234717227845,-1.031251774274935,152331,0.0329999825715247,1.948105371429392,50.0,1,1,60453.0,3.75,1169.47,3.74,20.43,0.1125515722372865,70.0
2018-02-21 15:30:00,1494.08,1497.33,1487.49,1496.65,6210,46.79631656899991,-1.7154495713584197,158541,0.0333874720180311,1.9736698666677055,51.0,1,0,60453.0,3.75,1169.47,3.74,20.43,0.0929738532203321,71.0
2018-02-21 16:30:00,1496.68,1497.72,1488.05,1490.12,3782,46.79631656899991,-1.5445377497640482,154759,0.0277148364110913,1.6401926169944545,52.0,1,1,60453.0,3.75,1169.47,3.74,20.43,0.1112361139742092,84.0
2018-02-21 17:30:00,1490.14,1495.12,1489.49,1494.2,4099,45.676367315360494,-1.5202043646606749,158858,0.0292964751096558,1.7358713378964694,53.0,1,1,60453.0,3.75,1169.47,3.74,20.43,0.0809352896647978,61.0
2018-02-21 18:30:00,1494.19,1499.99,1491.25,1497.86,4631,58.913604126370096,-1.5587508280539542,163489,0.0305318578227792,1.8113273638614371,54.0,1,0,60453.0,3.75,1169.47,3.74,20.43,0.0975963308877269,44.0
2018-02-21 19:30:00,1497.88,1503.16,1482.48,1493.0,7093,59.061032863849725,-1.0874092888267413,156396,0.0260941401090594,1.549706682925489,55.0,1,0,60453.0,3.75,1169.47,3.74,20.43,0.0568905404981492,115.0
2018-02-21 20:30:00,1493.26,1496.55,1477.81,1481.0,3934,55.846290738534464,0.1369482153170729,152462,0.0171350290037672,1.0183456365361965,56.0,1,1,60453.0,3.75,1169.47,3.74,20.43,0.0850693442360108,63.0
2018-02-21 21:30:00,1481.05,1482.25,1480.97,1481.21,136,54.106969307458485,0.9895728865067532,152598,0.0165903949859661,0.9866458076526214,57.0,1,1,60453.0,3.75,1169.47,3.74,20.43,0.0793076262626262,50.0
2018-02-22 13:30:00,1491.21,1497.13,1491.18,1494.6,623,57.474273226143474,0.7211343796081842,153221,0.0247442696674075,1.4730518544113238,58.0,1,0,60453.0,3.75,1169.47,3.74,20.43,0.10107130509103168,31.53118896484375
2018-02-22 14:30:00,1494.6,1502.25,1485.48,1494.4,7494,57.474273226143474,0.6297456215526704,145727,0.0236193650692812,1.4074419777675755,59.0,1,0,60453.0,3.75,1169.47,3.74,20.43,0.078939549435239,58.0
2018-02-22 15:30:00,1494.39,1496.71,1491.19,1492.5,5096,58.64125792856262,0.7611736765920334,140631,0.0214239586793686,1.2777383707964418,60.0,1,0,60453.0,3.75,1169.47,3.74,20.43,0.1005933160646275,61.0
2018-02-22 16:30:00,1492.5,1494.29,1489.87,1491.83,3415,56.96019933119167,0.9451387223065096,137216,0.0201267086245544,1.201356473902479,61.0,1,0,60453.0,3.75,1169.47,3.74,20.43,0.1237291197691197,75.0
2018-02-22 17:30:00,1491.84,1492.44,1479.23,1485.46,4973,58.25225412575578,1.513995705712011,132243,0.0151430156498356,0.9044405337494936,62.0,1,1,60453.0,3.75,1169.47,3.74,20.43,0.106699454677049,53.0
2018-02-22 18:30:00,1485.46,1488.61,1477.47,1486.37,5031,49.36145788491885,1.8262317809489392,137274,0.0151373075654453,0.904658552033652,63.0,1,0,60453.0,3.75,1169.47,3.74,20.43,0.1086833794620679,61.0
2018-02-22 19:30:00,1486.5,1487.97,1475.62,1479.55,4426,53.067512736813015,2.450403101181969,132848,0.0100643960319299,0.6017307656795765,64.0,1,1,60453.0,3.75,1169.47,3.74,20.43,0.1552623004235907,31.0
2018-02-22 20:30:00,1479.64,1487.62,1477.47,1487.47,3172,57.855518724488185,2.291111968782713,136020,0.0148555207353278,0.8887217160449836,65.0,1,1,60453.0,3.75,1169.47,3.74,20.43,0.0714611551348839,59.0
2018-02-22 21:30:00,1487.7,1488.1,1486.97,1487.51,117,54.091316025066895,2.146773336901685,136137,0.0142908311548974,0.8554385114941851,66.0,1,1,60453.0,3.75,1169.47,3.74,20.43,0.1177380952380952,27.0
2018-02-23 13:30:00,1496.0,1496.3,1493.58,1494.92,328,53.05283138247344,1.544143999240723,136465,0.0185708438710251,1.1124801384944476,67.0,1,0,60453.0,3.75,1169.47,3.74,20.43,0.13509348132245053,24.388641357421875
2018-02-23 14:30:00,1495.47,1495.47,1486.47,1487.59,6370,51.40379851362479,1.6230106995906386,130095,0.0130371601082456,0.781402486004481,68.0,1,1,60453.0,3.75,1169.47,3.74,20.43,0.0597726785226785,37.0
2018-02-23 15:30:00,1487.56,1494.99,1487.47,1492.42,4842,46.44565617368605,1.3451696293321351,134937,0.0156760666481717,0.9401710159650064,69.0,1,0,60453.0,3.75,1169.47,3.74,20.43,0.0783323494687131,55.0
2018-02-23 16:30:00,1492.5,1493.81,1489.82,1490.07,3009,47.41155579838788,1.313460839573101,131928,0.0135172672780379,0.8111447016135571,70.0,1,1,60453.0,3.75,1169.47,3.74,20.43,0.0699906629318393,34.0
2018-02-23 17:30:00,1490.1,1493.04,1488.56,1490.58,3170,47.62617330975343,1.2521730605545986,135098,0.0133132287404869,0.7993351054719824,71.0,1,1,60453.0,3.75,1169.47,3.74,20.43,0.096664516039516,52.0
2018-02-23 18:30:00,1490.54,1494.18,1490.22,1493.44,3319,48.68089619514716,1.0227330850925815,138417,0.0146503905299414,0.880145493492364,72.0,1,1,60453.0,3.75,1169.47,3.74,20.43,0.1097537878787879,49.0
2018-02-23 19:30:00,1493.44,1499.95,1493.41,1498.82,4399,54.03546869344828,0.5367746647953133,142816,0.0175751058668519,1.056610376100707,73.0,1,1,60453.0,3.75,1169.47,3.74,20.43,0.1788039956442734,27.0
2018-02-23 20:30:00,1499.0,1499.99,1496.76,1499.91,2949,56.64555803653099,0.1880645560020726,145765,0.0175842559737304,1.0579197731162822,74.0,1,1,60453.0,3.75,1169.47,3.74,20.43,0.1210079669938825,71.0
2018-02-26 13:30:00,1512.47,1513.58,1507.97,1507.98,546,59.71839608203201,-0.5022169405752281,146311,0.0221348897140358,1.332903311425525,75.0,1,1,60453.0,3.75,1169.47,3.74,20.43,0.10269605445191207,28.56254247195519
2018-02-26 14:30:00,1509.07,1522.48,1506.98,1514.8,7867,74.08784193300694,-1.2894863352234465,154178,0.0256813378393713,1.5480835737225789,76.0,1,1,60453.0,3.75,1169.47,3.74,20.43,0.1489507235290368,83.0
2018-02-26 15:30:00,1514.81,1521.6,1512.49,1519.39,6158,75.54250409976703,-1.951023512338681,160336,0.0276290744521821,1.6673744139686733,77.0,1,0,60453.0,3.75,1169.47,3.74,20.43,0.0931847834404652,66.0
2018-02-26 16:30:00,1519.41,1520.78,1515.37,1518.01,3939,79.5118818240206,-2.1136370691518103,156397,0.0256220063923718,1.5478695349895588,78.0,1,0,60453.0,3.75,1169.47,3.74,20.43,0.1394605147938481,39.0
2018-02-26 17:30:00,1517.98,1519.51,1514.06,1516.37,3463,78.19548872180457,-1.933600496144063,152934,0.0235300115109095,1.4228550434213505,79.0,1,0,60453.0,3.75,1169.47,3.74,20.43,0.0997085516822358,38.0
2018-02-26 18:30:00,1516.37,1518.26,1514.17,1515.91,3566,63.18990421164689,-1.619133051301171,149368,0.0222886528217224,1.3490175907381854,80.0,1,1,60453.0,3.75,1169.47,3.74,20.43,0.0890958049886621,56.0
2018-02-26 19:30:00,1515.91,1517.26,1512.72,1516.33,3649,53.69846842088932,-1.2893610558605886,153017,0.0216675378121024,1.3125855283562942,81.0,1,1,60453.0,3.75,1169.47,3.74,20.43,0.0261434520645046,38.0
2018-02-26 20:30:00,1516.32,1522.8,1515.64,1521.98,3001,54.840469048268574,-1.2981113246365616,156018,0.0244509536175934,1.4826802135187336,82.0,1,1,60453.0,3.75,1169.47,3.74,20.43,0.0573863636363636,24.0
2018-02-26 21:30:00,1522.0,1524.4,1521.97,1523.53,94,53.92175943947057,-1.2539710068670349,156112,0.0244700253297332,1.485320205145399,83.0,1,1,60453.0,3.75,1169.47,3.74,20.43,0.0891106807178235,37.0
2018-02-27 13:30:00,1523.97,1525.6,1520.98,1524.0,388,54.92124745705847,-1.1072126720073605,156500,0.0237909407416558,1.4455037265122428,84.0,1,1,60453.0,3.75,1169.47,3.74,20.43,0.03803980146419509,31.25897216796875
2018-02-27 14:30:00,1524.06,1526.74,1515.02,1525.3,5055,57.46953512862955,-0.9542737658199448,161555,0.0236741293829012,1.4397976980214937,85.0,1,0,60453.0,3.75,1169.47,3.74,20.43,0.1205139541309754,47.0
2018-02-27 15:30:00,1525.1,1525.58,1517.38,1518.02,3275,56.32770162575725,-0.2557477689463638,158280,0.018038218402899,1.097844847118722,86.0,1,0,60453.0,3.75,1169.47,3.74,20.43,0.0927238392698919,38.0
2018-02-27 16:30:00,1518.03,1521.08,1507.13,1512.22,3429,53.243291274214016,0.6542565180232138,154851,0.0135861494637775,0.8273411276238676,87.0,1,1,60453.0,3.75,1169.47,3.74,20.43,0.1153778196310664,42.0
2018-02-27 17:30:00,1512.15,1518.5,1511.25,1517.0,3039,52.25642140572104,0.972425305637998,157890,0.0161209635629323,0.9823473579133406,88.0,1,0,60453.0,3.75,1169.47,3.74,20.43,0.0884961484593837,34.0
2018-02-27 18:30:00,1516.99,1517.32,1512.07,1514.62,2656,46.24563095094637,1.3576822533816897,155234,0.0139491612533246,0.8504905987795155,89.0,1,0,60453.0,3.75,1169.47,3.74,20.43,0.1058633680745025,34.0
2018-02-27 19:30:00,1514.64,1519.28,1510.57,1514.02,3028,43.20589590050681,1.6481030802910317,152206,0.0130093105963292,0.7936086145134595,90.0,1,0,60453.0,3.75,1169.47,3.74,20.43,0.1992238512355699,32.0
2018-02-27 20:30:00,1514.1,1517.6,1511.87,1513.0,2554,40.13352215253882,1.8869051828050445,149652,0.011837715033559,0.7224867080619788,91.0,1,1,60453.0,3.75,1169.47,3.74,20.43,0.0963358097342472,32.0
2018-02-27 21:30:00,1512.98,1514.25,1512.97,1513.74,105,37.68006065200901,1.9642155411607352,149757,0.0118432402015987,0.7231735038242277,92.0,1,1,60453.0,3.75,1169.47,3.74,20.43,0.0762239847485711,68.0
2018-02-28 13:30:00,1518.99,1521.94,1518.98,1519.0,347,38.96831530139092,1.6433205811645584,150104,0.0147480248476149,0.9010882683801356,93.0,1,1,60453.0,3.75,1169.47,3.74,20.43,0.10527260648277194,35.20904541015625
2018-02-28 14:30:00,1519.0,1528.7,1517.08,1525.6,4347,43.6091144189454,1.0003989566714493,154451,0.0183919935696258,1.1245750029534065,94.0,1,0,60453.0,3.75,1169.47,3.74,20.43,0.103450176366843,81.0
2018-02-28 15:30:00,1525.68,1526.99,1517.47,1520.38,3482,48.00760001041085,0.941384946241115,150969,0.0143144842598933,0.8757681400925321,95.0,1,0,60453.0,3.75,1169.47,3.74,20.43,0.1328240157437918,67.0
2018-02-28 16:30:00,1520.36,1521.11,1514.07,1518.02,2869,47.814286539238736,1.0667824028441035,148100,0.012234300140368,0.7488752718536489,96.0,1,1,60453.0,3.75,1169.47,3.74,20.43,0.1098821262511739,42.0
2018-02-28 17:30:00,1518.02,1523.35,1517.06,1521.16,2481,51.54204121744676,0.947763288574361,150581,0.0137584739439021,0.8426448690358939,97.0,1,1,60453.0,3.75,1169.47,3.74,20.43,0.0721138010540184,46.0
2018-02-28 18:30:00,1521.17,1526.31,1520.54,1525.9,2516,48.55575868372949,0.5775193751012786,153097,0.0162431857740421,0.9954823251521248,98.0,1,0,60453.0,3.75,1169.47,3.74,20.43,0.2014143264143264,39.0
2018-02-28 19:30:00,1525.87,1525.9,1516.19,1518.97,3414,51.00711797667732,0.8126572755400305,149683,0.0111667485417616,0.6846790967147172,99.0,1,0,60453.0,3.75,1169.47,3.74,20.43,0.1452454229797979,32.0
2018-02-28 20:30:00,1519.0,1521.38,1511.99,1512.51,3038,49.81593478832509,1.3830639391473802,146645,0.0065953302309876,0.4044956027260014,100.0,1,1,60453.0,3.75,1169.47,3.74,20.43,0.0671813055365687,38.0
2018-02-28 21:30:00,1512.49,1513.43,1512.48,1512.85,49,42.6432128995719,1.696596511972147,146694,0.0065523379582733,0.4019663634032895,101.0,1,0,60453.0,3.75,1169.47,3.74,20.43,0.0777452777452777,37.0
